v2_project_id,project_name,active,private,assets,current_target,current_source,content_tagged,recommended_target,recommended_target_id,recommended_target_glottocode,recommended_source,recommended_source_id,confidence,reason,decision
92a9f966-c442-44bb-997f-8a77df382494,Nikyob,true,false,24416,Nikyob (user-made),—,Nikyob (user-made) ×58358,—,,,—,,review,"target is user-made ""Nikyob""; no Glottolog match found",
6564812d-36b3-45f1-b648-f77e4f373fbf,,true,true,22288,Bajika (user-made),—,Bajika (user-made) ×22288,—,,,—,,review,target is user-made; no Glottolog match found,
173c2551-a1bc-44d5-9c60-587531b06a86,,true,true,37,English (legacy),—,English (user-made) ×48; — ×2,English [eng],fd3b1f58-0d2e-4798-b593-a51f7a37a2c1,stan1293,—,,review,"target is English (legacy); no other language named — English may be right, or ask the team",
3b0bae0e-fa41-47b8-a4e3-f53efa0303a8,Matthew Test,true,false,35,English (user-made),—,English (user-made) ×48,English [eng],fd3b1f58-0d2e-4798-b593-a51f7a37a2c1,stan1293,—,,review,"target is English (user-made); no other language named — English may be right, or ask the team",
9e5e0d60-1961-478b-8ec3-94bbff730867,,true,true,30,English [eng],—,English [eng] ×27; — ×3,English [eng],fd3b1f58-0d2e-4798-b593-a51f7a37a2c1,stan1293,—,,review,"target is English (glottolog); no other language named — English may be right, or ask the team",
1984b292-26e6-46b2-b910-8c1607ab366a,,true,true,23,English [eng],English [eng],English [eng] ×23,English [eng],fd3b1f58-0d2e-4798-b593-a51f7a37a2c1,stan1293,English [eng],fd3b1f58-0d2e-4798-b593-a51f7a37a2c1,review,"target is English (glottolog); no other language named — English may be right, or ask the team",
e52d9842-045c-424a-bd0b-303f2a6ddaca,Basic Data Gathering,true,false,21,English [eng],—,English [eng] ×12; — ×1,English [eng],fd3b1f58-0d2e-4798-b593-a51f7a37a2c1,stan1293,—,,review,"target is English (glottolog); no other language named — English may be right, or ask the team",
f845c1ef-4067-4740-ab01-90d0a62ca30a,,false,true,19,—,—,Sãotomense [cri] ×20,—,,,—,,review,no target language and none named,
c5293bf9-e584-4ac3-ba41-34c12b5d468c,,true,true,16,English (legacy),—,English (legacy) ×16,English [eng],fd3b1f58-0d2e-4798-b593-a51f7a37a2c1,stan1293,—,,review,"target is English (legacy); no other language named — English may be right, or ask the team",
98f4cd69-154c-4b69-90fa-53b508f12590,Test Project,true,false,12,Universal [unv] (legacy),Universal [unv] (legacy),Universal [unv] (legacy) ×9; — ×2 (+1 more),—,,,English [eng],fd3b1f58-0d2e-4798-b593-a51f7a37a2c1,review,"target is legacy ""Universal""; no Glottolog match found",
99388b6b-346f-43d0-96bd-921b0b97fa85,Test_Centro,false,false,12,—,—,'Auhelawa [kud] ×13,—,,,—,,review,no target language and none named,
a907457d-ec17-40db-9989-c25588deb869,,true,true,9,English [eng],—,English [eng] ×9,English [eng],fd3b1f58-0d2e-4798-b593-a51f7a37a2c1,stan1293,—,,review,"target is English (glottolog); no other language named — English may be right, or ask the team",
ba8ca9fc-83cd-4e0d-b9a3-1bb14b1a5b0d,,true,true,9,English [eng],—,English [eng] ×9,English [eng],fd3b1f58-0d2e-4798-b593-a51f7a37a2c1,stan1293,—,,review,"target is English (glottolog); no other language named — English may be right, or ask the team",
fb850846-635d-4e74-af8a-756a57bd244b,,true,true,8,Nthàlê (user-made),English [eng],Nthàlê (user-made) ×8,—,,,English [eng],fd3b1f58-0d2e-4798-b593-a51f7a37a2c1,review,target is user-made; no Glottolog match found,
611b29e4-68f3-4662-9e64-34e89b3ee28e,,true,true,7,English [eng],—,English [eng] ×7,English [eng],fd3b1f58-0d2e-4798-b593-a51f7a37a2c1,stan1293,—,,review,"target is English (glottolog); no other language named — English may be right, or ask the team",
1f4a3d1a-b7be-47e3-aa34-9b9eaa14c2f9,,true,true,3,English (legacy),—,English (legacy) ×3,English [eng],fd3b1f58-0d2e-4798-b593-a51f7a37a2c1,stan1293,—,,review,"target is English (legacy); no other language named — English may be right, or ask the team",
2e8f334b-b00e-4866-8a17-b150825eb596,,true,true,3,English (legacy),English [eng],English (legacy) ×3,English [eng],fd3b1f58-0d2e-4798-b593-a51f7a37a2c1,stan1293,English [eng],fd3b1f58-0d2e-4798-b593-a51f7a37a2c1,review,"target is English (legacy); no other language named — English may be right, or ask the team",
af9256a0-1da5-4a6a-9c14-77622b4cffb3,,true,true,3,English (legacy),—,English (legacy) ×3,English [eng],fd3b1f58-0d2e-4798-b593-a51f7a37a2c1,stan1293,—,,review,"target is English (legacy); no other language named — English may be right, or ask the team",
bcdea476-d5a3-4c1b-8d2c-613f413c8314,,true,true,3,English (legacy),—,English (legacy) ×2; — ×1,English [eng],fd3b1f58-0d2e-4798-b593-a51f7a37a2c1,stan1293,—,,review,"target is English (legacy); no other language named — English may be right, or ask the team",
e099bf09-35e0-493c-a22f-95cbc3207406,,false,true,3,English [eng],—,English [eng] ×3,English [eng],fd3b1f58-0d2e-4798-b593-a51f7a37a2c1,stan1293,—,,review,"target is English (glottolog); no other language named — English may be right, or ask the team",
c7cf1cbd-b637-44f5-97e4-15b9673cd60f,,true,true,2,English (legacy),—,English (legacy) ×2,English [eng],fd3b1f58-0d2e-4798-b593-a51f7a37a2c1,stan1293,—,,review,"target is English (legacy); no other language named — English may be right, or ask the team",
47c843a8-1925-4d0d-92ca-73dd2bb9c399,,true,true,1,English [eng],—,,English [eng],fd3b1f58-0d2e-4798-b593-a51f7a37a2c1,stan1293,—,,review,"target is English (glottolog); no other language named — English may be right, or ask the team",
4d879ccc-fb5e-4917-b50a-f47d393c0090,,true,true,1,English [eng],—,English [eng] ×1,English [eng],fd3b1f58-0d2e-4798-b593-a51f7a37a2c1,stan1293,—,,review,"target is English (glottolog); no other language named — English may be right, or ask the team",
6756b058-3d44-4aa4-9410-a61b5d80627a,,true,true,1,English [eng],—,English [eng] ×1,English [eng],fd3b1f58-0d2e-4798-b593-a51f7a37a2c1,stan1293,—,,review,"target is English (glottolog); no other language named — English may be right, or ask the team",
a5789d18-6229-45fa-a430-f23da78520ba,,true,true,1,English [eng],—,English [eng] ×1,English [eng],fd3b1f58-0d2e-4798-b593-a51f7a37a2c1,stan1293,—,,review,"target is English (glottolog); no other language named — English may be right, or ask the team",
aea9d644-d27e-4c78-bc8a-452819829769,,true,true,1,English (legacy),—,English (legacy) ×1,English [eng],fd3b1f58-0d2e-4798-b593-a51f7a37a2c1,stan1293,—,,review,"target is English (legacy); no other language named — English may be right, or ask the team",
d37e0559-f135-4bff-b7dd-6c37f39356e9,,true,true,1,English (legacy),—,English (legacy) ×1,English [eng],fd3b1f58-0d2e-4798-b593-a51f7a37a2c1,stan1293,—,,review,"target is English (legacy); no other language named — English may be right, or ask the team",
01dde353-8d66-4888-99e3-dc3a99a9597f,,true,true,0,English (legacy),—,,English [eng],fd3b1f58-0d2e-4798-b593-a51f7a37a2c1,stan1293,—,,review,"target is English (legacy); no other language named — English may be right, or ask the team",
02253169-efee-4116-97db-67184c502620,,true,true,0,English (legacy),English [eng],,English [eng],fd3b1f58-0d2e-4798-b593-a51f7a37a2c1,stan1293,English [eng],fd3b1f58-0d2e-4798-b593-a51f7a37a2c1,review,"target is English (legacy); no other language named — English may be right, or ask the team",
03898b10-8626-4e8b-8d0c-2125ee52b010,,true,true,0,English (legacy),—,,English [eng],fd3b1f58-0d2e-4798-b593-a51f7a37a2c1,stan1293,—,,review,"target is English (legacy); no other language named — English may be right, or ask the team",
0b847fd6-5fb8-457d-92ba-e45d29d77298,Test 1,false,false,0,English [eng],—,,English [eng],fd3b1f58-0d2e-4798-b593-a51f7a37a2c1,stan1293,—,,review,"target is English (glottolog); no other language named — English may be right, or ask the team",
12743b5d-d634-4d25-bba0-127cb823c305,,true,true,0,English (legacy),—,,English [eng],fd3b1f58-0d2e-4798-b593-a51f7a37a2c1,stan1293,—,,review,"target is English (legacy); no other language named — English may be right, or ask the team",
160b1270-d876-4cc7-84be-96de12be3bf2,,false,true,0,—,—,,—,,,—,,review,no target language and none named,
19046b47-577e-42c1-89ad-93d5380c6b6e,,true,true,0,English (legacy),—,,English [eng],fd3b1f58-0d2e-4798-b593-a51f7a37a2c1,stan1293,—,,review,"target is English (legacy); no other language named — English may be right, or ask the team",
19bc9a05-0d5f-4276-90c6-06649d0710f8,,true,true,0,English (legacy),—,,English [eng],fd3b1f58-0d2e-4798-b593-a51f7a37a2c1,stan1293,—,,review,"target is English (legacy); no other language named — English may be right, or ask the team",
19ca556f-8ec6-4c6d-b585-0df5bf0106f2,,true,true,0,English (legacy),—,,English [eng],fd3b1f58-0d2e-4798-b593-a51f7a37a2c1,stan1293,—,,review,"target is English (legacy); no other language named — English may be right, or ask the team",
19e4d94f-6c8d-4a26-bc34-781d8eb031f4,,true,true,0,English (legacy),—,,English [eng],fd3b1f58-0d2e-4798-b593-a51f7a37a2c1,stan1293,—,,review,"target is English (legacy); no other language named — English may be right, or ask the team",
1e02bf20-645d-4db0-b556-9a4fb629b2a7,,true,true,0,English [eng],English [eng],,English [eng],fd3b1f58-0d2e-4798-b593-a51f7a37a2c1,stan1293,English [eng],fd3b1f58-0d2e-4798-b593-a51f7a37a2c1,review,"target is English (glottolog); no other language named — English may be right, or ask the team",
23b92c70-086f-48e7-9825-5ec3d954d5ef,,true,true,0,English (legacy),—,,English [eng],fd3b1f58-0d2e-4798-b593-a51f7a37a2c1,stan1293,—,,review,"target is English (legacy); no other language named — English may be right, or ask the team",
28cef15c-e83c-4212-ae27-ebb966dbff66,,true,true,0,English (legacy),—,,English [eng],fd3b1f58-0d2e-4798-b593-a51f7a37a2c1,stan1293,—,,review,"target is English (legacy); no other language named — English may be right, or ask the team",
2940f020-a7ea-435a-80aa-afc725d684f1,,true,true,0,English (legacy),English [eng],,English [eng],fd3b1f58-0d2e-4798-b593-a51f7a37a2c1,stan1293,English [eng],fd3b1f58-0d2e-4798-b593-a51f7a37a2c1,review,"target is English (legacy); no other language named — English may be right, or ask the team",
297c360a-368a-40c6-8ada-039fb12ba326,,true,true,0,English (legacy),English [eng],,English [eng],fd3b1f58-0d2e-4798-b593-a51f7a37a2c1,stan1293,English [eng],fd3b1f58-0d2e-4798-b593-a51f7a37a2c1,review,"target is English (legacy); no other language named — English may be right, or ask the team",
315efab9-9d83-4205-8e00-1dedd88ed8bb,,true,true,0,English [eng],—,,English [eng],fd3b1f58-0d2e-4798-b593-a51f7a37a2c1,stan1293,—,,review,"target is English (glottolog); no other language named — English may be right, or ask the team",
36957d2d-8af4-465a-99ab-14b97784201a,,true,true,0,English (legacy),—,,English [eng],fd3b1f58-0d2e-4798-b593-a51f7a37a2c1,stan1293,—,,review,"target is English (legacy); no other language named — English may be right, or ask the team",
36996517-638c-416c-9505-e3569f4270f8,,true,true,0,English (legacy),—,,English [eng],fd3b1f58-0d2e-4798-b593-a51f7a37a2c1,stan1293,—,,review,"target is English (legacy); no other language named — English may be right, or ask the team",
38222271-85f6-42b4-8ee7-0c6e6e440dfd,Takad Dialect,false,false,0,English [eng],—,,English [eng],fd3b1f58-0d2e-4798-b593-a51f7a37a2c1,stan1293,—,,review,"target is English (glottolog); no other language named — English may be right, or ask the team",
393c56ab-2396-44f1-92e1-33500c414b06,,true,true,0,myarmam (user-made),—,,—,,,—,,review,target is user-made; no Glottolog match found,
39ff5983-a88e-421c-82db-8591f6010bdc,,true,true,0,English (legacy),—,,English [eng],fd3b1f58-0d2e-4798-b593-a51f7a37a2c1,stan1293,—,,review,"target is English (legacy); no other language named — English may be right, or ask the team",
3a97add4-1d54-4682-9cfd-082927d194ff,Cube626 LCC magic ybook,true,false,0,English (legacy),English [eng],,English [eng],fd3b1f58-0d2e-4798-b593-a51f7a37a2c1,stan1293,English [eng],fd3b1f58-0d2e-4798-b593-a51f7a37a2c1,review,"target is English (legacy); no other language named — English may be right, or ask the team",
40624ed9-ad63-453b-a82c-965299fad9fb,,true,true,0,English (legacy),Sudanese Arabic [apd],,English [eng],fd3b1f58-0d2e-4798-b593-a51f7a37a2c1,stan1293,Sudanese Arabic [apd],accfea8f-9b17-4bf7-96b2-56e81196267c,review,"target is English (legacy); no other language named — English may be right, or ask the team",
415e6398-6d34-4658-98eb-26c1b66dd8b1,,true,true,0,English (legacy),English [eng],,English [eng],fd3b1f58-0d2e-4798-b593-a51f7a37a2c1,stan1293,English [eng],fd3b1f58-0d2e-4798-b593-a51f7a37a2c1,review,"target is English (legacy); no other language named — English may be right, or ask the team",
4211d85a-a4c9-458e-9a45-0fd2ddc3feb9,,true,true,0,English (legacy),—,,English [eng],fd3b1f58-0d2e-4798-b593-a51f7a37a2c1,stan1293,—,,review,"target is English (legacy); no other language named — English may be right, or ask the team",
4500f75b-da2a-43fd-bba0-867f782dafd8,,true,true,0,English [eng],English [eng],,English [eng],fd3b1f58-0d2e-4798-b593-a51f7a37a2c1,stan1293,English [eng],fd3b1f58-0d2e-4798-b593-a51f7a37a2c1,review,"target is English (glottolog); no other language named — English may be right, or ask the team",
4a385f36-f2c8-414e-810e-0f87635bda68,,true,true,0,English [eng],—,,English [eng],fd3b1f58-0d2e-4798-b593-a51f7a37a2c1,stan1293,—,,review,"target is English (glottolog); no other language named — English may be right, or ask the team",
4d398f6d-4aa8-4b0b-a361-eb048098c270,,true,true,0,English [eng],Mandarin [cmn],,English [eng],fd3b1f58-0d2e-4798-b593-a51f7a37a2c1,stan1293,Mandarin [cmn],0d75d06f-2692-4127-b810-67dd64fa6eee,review,"target is English (glottolog); no other language named — English may be right, or ask the team",
4edc7169-2753-4903-bb18-10a444458623,AKWENTO (Bege Project),true,false,0,Nthàlê (user-made),English [eng],,—,,,English [eng],fd3b1f58-0d2e-4798-b593-a51f7a37a2c1,review,"target is user-made ""Nthàlê""; no Glottolog match found",
5011d79d-9b46-414e-96df-ee1d96505804,,true,true,0,English (legacy),English [eng],,English [eng],fd3b1f58-0d2e-4798-b593-a51f7a37a2c1,stan1293,English [eng],fd3b1f58-0d2e-4798-b593-a51f7a37a2c1,review,"target is English (legacy); no other language named — English may be right, or ask the team",
5194de72-8fd9-4a75-9c7d-68e40c385890,,true,true,0,English (legacy),—,,English [eng],fd3b1f58-0d2e-4798-b593-a51f7a37a2c1,stan1293,—,,review,"target is English (legacy); no other language named — English may be right, or ask the team",
53fe7af5-6c5d-43f2-8b1c-b4408db099c6,,true,true,0,English (legacy),—,,English [eng],fd3b1f58-0d2e-4798-b593-a51f7a37a2c1,stan1293,—,,review,"target is English (legacy); no other language named — English may be right, or ask the team",
54987ff4-ffb8-4c8b-aa3b-cbf5b3165d79,,true,true,0,English (legacy),—,,English [eng],fd3b1f58-0d2e-4798-b593-a51f7a37a2c1,stan1293,—,,review,"target is English (legacy); no other language named — English may be right, or ask the team",
55b0df6c-5221-4606-b731-dd21e7fe77f3,test1,false,false,0,English (legacy),—,,English [eng],fd3b1f58-0d2e-4798-b593-a51f7a37a2c1,stan1293,—,,review,"target is English (legacy); no other language named — English may be right, or ask the team",
56baf325-a45f-4098-9ada-048acc0b0922,,true,true,0,English (legacy),—,,English [eng],fd3b1f58-0d2e-4798-b593-a51f7a37a2c1,stan1293,—,,review,"target is English (legacy); no other language named — English may be right, or ask the team",
5adce451-db0e-4134-99ca-131e5938a693,,true,true,0,English (legacy),—,,English [eng],fd3b1f58-0d2e-4798-b593-a51f7a37a2c1,stan1293,—,,review,"target is English (legacy); no other language named — English may be right, or ask the team",
5d6cc7d4-c53d-45ef-9a47-1102f6a5596b,,true,true,0,English [eng],English [eng],,English [eng],fd3b1f58-0d2e-4798-b593-a51f7a37a2c1,stan1293,English [eng],fd3b1f58-0d2e-4798-b593-a51f7a37a2c1,review,"target is English (glottolog); no other language named — English may be right, or ask the team",
63b5eeeb-b65e-4671-a6ba-f52600b5602b,,true,true,0,English (legacy),—,,English [eng],fd3b1f58-0d2e-4798-b593-a51f7a37a2c1,stan1293,—,,review,"target is English (legacy); no other language named — English may be right, or ask the team",
67873752-b07a-48c8-8a8b-9f962630c0b5,,true,true,0,English (legacy),English [eng],,English [eng],fd3b1f58-0d2e-4798-b593-a51f7a37a2c1,stan1293,English [eng],fd3b1f58-0d2e-4798-b593-a51f7a37a2c1,review,"target is English (legacy); no other language named — English may be right, or ask the team",
6931fdcd-e5cf-4037-a642-8da581487eea,,true,true,0,English (legacy),—,,English [eng],fd3b1f58-0d2e-4798-b593-a51f7a37a2c1,stan1293,—,,review,"target is English (legacy); no other language named — English may be right, or ask the team",
69ac90ac-2f3b-41e3-8e78-1061a0b45747,,true,true,0,English (legacy),Tok Pisin [tpi],,English [eng],fd3b1f58-0d2e-4798-b593-a51f7a37a2c1,stan1293,Tok Pisin [tpi],6f800df3-05d2-455b-9a88-a077d1f111cc,review,"target is English (legacy); no other language named — English may be right, or ask the team",
69f8195d-5720-4fe8-8a65-fd007bd09cc6,,true,true,0,English (legacy),—,,English [eng],fd3b1f58-0d2e-4798-b593-a51f7a37a2c1,stan1293,—,,review,"target is English (legacy); no other language named — English may be right, or ask the team",
6a512379-89ae-4834-9e12-82851a8f683d,,true,true,0,English (legacy),—,,English [eng],fd3b1f58-0d2e-4798-b593-a51f7a37a2c1,stan1293,—,,review,"target is English (legacy); no other language named — English may be right, or ask the team",
6ab09322-c78e-4abd-afac-6ee4e9a7ee44,,true,true,0,new languoid 1 (user-made),English [eng],,—,,,English [eng],fd3b1f58-0d2e-4798-b593-a51f7a37a2c1,review,target is user-made; no Glottolog match found,
6d0c95d7-75b4-48e9-9412-dcaffb519761,Project Cloned,true,false,0,New Language (1) (user-made),—,,—,,,—,,review,"target is user-made ""New Language (1)""; no Glottolog match found",
718e08b7-9c92-4375-ab4a-6af958633c2a,,true,true,0,English (legacy),—,,English [eng],fd3b1f58-0d2e-4798-b593-a51f7a37a2c1,stan1293,—,,review,"target is English (legacy); no other language named — English may be right, or ask the team",
72b694d9-54e8-4b4a-a67b-d268385e9ac8,,true,true,0,myarmam (user-made),—,,—,,,—,,review,target is user-made; no Glottolog match found,
7aaf8df7-810f-432c-9e73-2e47f7ac2775,,true,true,0,English [eng],—,,English [eng],fd3b1f58-0d2e-4798-b593-a51f7a37a2c1,stan1293,—,,review,"target is English (glottolog); no other language named — English may be right, or ask the team",
7e611f0d-821a-4233-b887-19a568f5073a,,true,true,0,Nthàlê (user-made),English [eng],,—,,,English [eng],fd3b1f58-0d2e-4798-b593-a51f7a37a2c1,review,target is user-made; no Glottolog match found,
7eeb4c4e-0b34-4b7e-8124-91cc325b51e7,,true,true,0,English (legacy),—,,English [eng],fd3b1f58-0d2e-4798-b593-a51f7a37a2c1,stan1293,—,,review,"target is English (legacy); no other language named — English may be right, or ask the team",
803f7c84-cdd8-4a57-a126-b31653cc109f,,true,true,0,English (legacy),English [eng],,English [eng],fd3b1f58-0d2e-4798-b593-a51f7a37a2c1,stan1293,English [eng],fd3b1f58-0d2e-4798-b593-a51f7a37a2c1,review,"target is English (legacy); no other language named — English may be right, or ask the team",
841de7ab-e5ef-4992-999a-b5a28279e76d,,true,true,0,English (legacy),—,,English [eng],fd3b1f58-0d2e-4798-b593-a51f7a37a2c1,stan1293,—,,review,"target is English (legacy); no other language named — English may be right, or ask the team",
8d7d8b0e-17a1-4700-b77b-1a1f039ba432,,true,true,0,English (legacy),—,,English [eng],fd3b1f58-0d2e-4798-b593-a51f7a37a2c1,stan1293,—,,review,"target is English (legacy); no other language named — English may be right, or ask the team",
91fe7297-bacc-41b3-a7d2-36abae48195c,,true,true,0,English (legacy),—,,English [eng],fd3b1f58-0d2e-4798-b593-a51f7a37a2c1,stan1293,—,,review,"target is English (legacy); no other language named — English may be right, or ask the team",
9285ad12-2af6-4f56-bb6c-ff77e0463f43,,false,true,0,Bajika (user-made),—,,—,,,—,,review,target is user-made; no Glottolog match found,
93075b97-ccf1-4107-b4a0-032e3937f93e,,true,true,0,English (legacy),French [fra],,English [eng],fd3b1f58-0d2e-4798-b593-a51f7a37a2c1,stan1293,French [fra],155f40c3-cb64-4fdd-aaf7-a55acb42c755,review,"target is English (legacy); no other language named — English may be right, or ask the team",
9329c156-820d-47b1-bdb5-5942fc6b9865,,true,true,0,English (legacy),—,,English [eng],fd3b1f58-0d2e-4798-b593-a51f7a37a2c1,stan1293,—,,review,"target is English (legacy); no other language named — English may be right, or ask the team",
967b6b2e-c296-4ee7-87ff-49ff34f4244f,,true,true,0,English (legacy),—,,English [eng],fd3b1f58-0d2e-4798-b593-a51f7a37a2c1,stan1293,—,,review,"target is English (legacy); no other language named — English may be right, or ask the team",
9840eb7f-c0d7-494e-ba72-7a81182fa81d,,true,true,0,English (legacy),—,,English [eng],fd3b1f58-0d2e-4798-b593-a51f7a37a2c1,stan1293,—,,review,"target is English (legacy); no other language named — English may be right, or ask the team",
9941b829-71e7-4b4c-af30-9e7ec2899ab7,,true,true,0,English (legacy),—,,English [eng],fd3b1f58-0d2e-4798-b593-a51f7a37a2c1,stan1293,—,,review,"target is English (legacy); no other language named — English may be right, or ask the team",
99a4126a-cba8-48bd-b9af-ea72d86cf745,,true,true,0,English (legacy),—,,English [eng],fd3b1f58-0d2e-4798-b593-a51f7a37a2c1,stan1293,—,,review,"target is English (legacy); no other language named — English may be right, or ask the team",
9b3453cf-044f-47ce-b03a-01b3df96baab,,true,true,0,English [eng],—,,English [eng],fd3b1f58-0d2e-4798-b593-a51f7a37a2c1,stan1293,—,,review,"target is English (glottolog); no other language named — English may be right, or ask the team",
9bbefb01-fa5b-47f7-af70-99ac6ad4977a,,true,true,0,English [eng],English [eng],,English [eng],fd3b1f58-0d2e-4798-b593-a51f7a37a2c1,stan1293,English [eng],fd3b1f58-0d2e-4798-b593-a51f7a37a2c1,review,"target is English (glottolog); no other language named — English may be right, or ask the team",
9d21c582-68c6-49af-83ee-4408ec87ee76,,false,true,0,English (legacy),—,,English [eng],fd3b1f58-0d2e-4798-b593-a51f7a37a2c1,stan1293,—,,review,"target is English (legacy); no other language named — English may be right, or ask the team",
a39815fe-8943-4243-9470-165cfec1e204,UUPG PROJECT,true,false,0,English (legacy),—,,English [eng],fd3b1f58-0d2e-4798-b593-a51f7a37a2c1,stan1293,—,,review,"target is English (legacy); no other language named — English may be right, or ask the team",
a6976003-58df-454c-8cc1-6b11cffc0fe9,,true,true,0,English [eng],French [fra],,English [eng],fd3b1f58-0d2e-4798-b593-a51f7a37a2c1,stan1293,French [fra],155f40c3-cb64-4fdd-aaf7-a55acb42c755,review,"target is English (glottolog); no other language named — English may be right, or ask the team",
a95bb188-beb5-4b35-a218-ad7edecc08b7,,true,true,0,English (legacy),—,,English [eng],fd3b1f58-0d2e-4798-b593-a51f7a37a2c1,stan1293,—,,review,"target is English (legacy); no other language named — English may be right, or ask the team",
ab62d622-9943-41d6-889e-e185fe535ba4,,true,true,0,English [eng],English [eng],,English [eng],fd3b1f58-0d2e-4798-b593-a51f7a37a2c1,stan1293,English [eng],fd3b1f58-0d2e-4798-b593-a51f7a37a2c1,review,"target is English (glottolog); no other language named — English may be right, or ask the team",
aea5234b-9256-4498-a448-d3ee9e0d5982,,true,true,0,English (legacy),English [eng],,English [eng],fd3b1f58-0d2e-4798-b593-a51f7a37a2c1,stan1293,English [eng],fd3b1f58-0d2e-4798-b593-a51f7a37a2c1,review,"target is English (legacy); no other language named — English may be right, or ask the team",
aebccc1d-32b2-4f77-b4ce-798370fce0ba,,true,true,0,English (legacy),English [eng],,English [eng],fd3b1f58-0d2e-4798-b593-a51f7a37a2c1,stan1293,English [eng],fd3b1f58-0d2e-4798-b593-a51f7a37a2c1,review,"target is English (legacy); no other language named — English may be right, or ask the team",
af20e51e-8571-4687-bd3f-bbd48921ca23,,true,true,0,English (legacy),—,,English [eng],fd3b1f58-0d2e-4798-b593-a51f7a37a2c1,stan1293,—,,review,"target is English (legacy); no other language named — English may be right, or ask the team",
af9f800c-5a98-4071-a62c-769869f01b93,,true,true,0,English [eng],—,,English [eng],fd3b1f58-0d2e-4798-b593-a51f7a37a2c1,stan1293,—,,review,"target is English (glottolog); no other language named — English may be right, or ask the team",
b2591736-c0ad-49de-8cd1-0a3a313b87be,,true,true,0,English (legacy),English [eng],,English [eng],fd3b1f58-0d2e-4798-b593-a51f7a37a2c1,stan1293,English [eng],fd3b1f58-0d2e-4798-b593-a51f7a37a2c1,review,"target is English (legacy); no other language named — English may be right, or ask the team",
b26e30e9-4894-468d-a9d9-af68b70a3912,,true,true,0,English [eng],—,,English [eng],fd3b1f58-0d2e-4798-b593-a51f7a37a2c1,stan1293,—,,review,"target is English (glottolog); no other language named — English may be right, or ask the team",
b64cd866-0902-4471-b0a6-2361fa211c20,,true,true,0,English (legacy),—,,English [eng],fd3b1f58-0d2e-4798-b593-a51f7a37a2c1,stan1293,—,,review,"target is English (legacy); no other language named — English may be right, or ask the team",
b65a05b4-1ca7-4514-a70f-dc328f9aa094,,true,true,0,English (legacy),—,,English [eng],fd3b1f58-0d2e-4798-b593-a51f7a37a2c1,stan1293,—,,review,"target is English (legacy); no other language named — English may be right, or ask the team",
b992e72e-bd2d-40d9-b5e6-85e510918c61,,true,true,0,English [eng],—,,English [eng],fd3b1f58-0d2e-4798-b593-a51f7a37a2c1,stan1293,—,,review,"target is English (glottolog); no other language named — English may be right, or ask the team",
b9b52ca3-014f-42f1-ab81-8e538875657e,,true,true,0,English (legacy),—,,English [eng],fd3b1f58-0d2e-4798-b593-a51f7a37a2c1,stan1293,—,,review,"target is English (legacy); no other language named — English may be right, or ask the team",
bbe7a38c-dbe6-4daa-9e4f-8a5b4d62b885,,true,true,0,English (legacy),—,,English [eng],fd3b1f58-0d2e-4798-b593-a51f7a37a2c1,stan1293,—,,review,"target is English (legacy); no other language named — English may be right, or ask the team",
bc2725de-4eae-4ff8-9473-54aea0220e4d,,true,true,0,English (legacy),—,,English [eng],fd3b1f58-0d2e-4798-b593-a51f7a37a2c1,stan1293,—,,review,"target is English (legacy); no other language named — English may be right, or ask the team",
be181462-f6ec-4fa3-adec-24de11f3827f,,true,true,0,English [eng],—,,English [eng],fd3b1f58-0d2e-4798-b593-a51f7a37a2c1,stan1293,—,,review,"target is English (glottolog); no other language named — English may be right, or ask the team",
bfd728d8-7246-43f0-bc94-57a7ff089a0f,,true,true,0,English (legacy),English [eng],,English [eng],fd3b1f58-0d2e-4798-b593-a51f7a37a2c1,stan1293,English [eng],fd3b1f58-0d2e-4798-b593-a51f7a37a2c1,review,"target is English (legacy); no other language named — English may be right, or ask the team",
c1a2f247-6d50-46ab-9762-725f9de3b622,,true,true,0,English (legacy),—,,English [eng],fd3b1f58-0d2e-4798-b593-a51f7a37a2c1,stan1293,—,,review,"target is English (legacy); no other language named — English may be right, or ask the team",
c22d7904-e185-4ecc-a9b7-7c7d8b7bbbec,,true,true,0,English (legacy),English [eng],,English [eng],fd3b1f58-0d2e-4798-b593-a51f7a37a2c1,stan1293,English [eng],fd3b1f58-0d2e-4798-b593-a51f7a37a2c1,review,"target is English (legacy); no other language named — English may be right, or ask the team",
c3cd5de6-f041-40f4-ac40-46c1416ec321,,true,true,0,English (legacy),—,,English [eng],fd3b1f58-0d2e-4798-b593-a51f7a37a2c1,stan1293,—,,review,"target is English (legacy); no other language named — English may be right, or ask the team",
c4b9ba3b-eab7-43f7-8cfc-ba87927553c4,,true,true,0,English (legacy),—,,English [eng],fd3b1f58-0d2e-4798-b593-a51f7a37a2c1,stan1293,—,,review,"target is English (legacy); no other language named — English may be right, or ask the team",
c5170f20-45a2-4146-bae6-b90c2b613170,,true,true,0,myanmar (user-made),—,,—,,,—,,review,target is user-made; no Glottolog match found,
c663e825-b6b8-4807-b792-ef2b91a322c8,,true,true,0,English (legacy),—,,English [eng],fd3b1f58-0d2e-4798-b593-a51f7a37a2c1,stan1293,—,,review,"target is English (legacy); no other language named — English may be right, or ask the team",
c6cf919a-6716-402d-9d8e-c02acccce3fc,,true,true,0,English (legacy),English [eng],,English [eng],fd3b1f58-0d2e-4798-b593-a51f7a37a2c1,stan1293,English [eng],fd3b1f58-0d2e-4798-b593-a51f7a37a2c1,review,"target is English (legacy); no other language named — English may be right, or ask the team",
c73eed04-abd5-4577-a8d5-a57cc51f5094,,true,true,0,English (legacy),—,,English [eng],fd3b1f58-0d2e-4798-b593-a51f7a37a2c1,stan1293,—,,review,"target is English (legacy); no other language named — English may be right, or ask the team",
c74819e6-f118-4b60-9be2-412137d6456d,,true,true,0,English (legacy),—,,English [eng],fd3b1f58-0d2e-4798-b593-a51f7a37a2c1,stan1293,—,,review,"target is English (legacy); no other language named — English may be right, or ask the team",
c87341dd-80c9-4ced-b65d-71a063c6a077,,true,true,0,English (legacy),English [eng],,English [eng],fd3b1f58-0d2e-4798-b593-a51f7a37a2c1,stan1293,English [eng],fd3b1f58-0d2e-4798-b593-a51f7a37a2c1,review,"target is English (legacy); no other language named — English may be right, or ask the team",
c8ae5f6a-0557-4a26-82a3-fb5b4ba7f82c,,true,true,0,English (legacy),—,,English [eng],fd3b1f58-0d2e-4798-b593-a51f7a37a2c1,stan1293,—,,review,"target is English (legacy); no other language named — English may be right, or ask the team",
cee2d2d8-fba5-4247-aff5-548e4ccc7c7b,Test,true,false,0,English [eng],—,,English [eng],fd3b1f58-0d2e-4798-b593-a51f7a37a2c1,stan1293,—,,review,"target is English (glottolog); no other language named — English may be right, or ask the team",
d85773e0-3348-4123-9e97-7f3bfc3a711b,,true,true,0,English (legacy),—,,English [eng],fd3b1f58-0d2e-4798-b593-a51f7a37a2c1,stan1293,—,,review,"target is English (legacy); no other language named — English may be right, or ask the team",
e6d55d73-046a-4127-83c0-380a2ea974c3,,true,true,0,English (legacy),English [eng],,English [eng],fd3b1f58-0d2e-4798-b593-a51f7a37a2c1,stan1293,English [eng],fd3b1f58-0d2e-4798-b593-a51f7a37a2c1,review,"target is English (legacy); no other language named — English may be right, or ask the team",
e82ba9a1-6ca8-44be-8cf5-ae504c62e93a,,true,true,0,English (user-made),Mandarin [cmn],,English [eng],fd3b1f58-0d2e-4798-b593-a51f7a37a2c1,stan1293,Mandarin [cmn],0d75d06f-2692-4127-b810-67dd64fa6eee,review,"target is English (user-made); no other language named — English may be right, or ask the team",
e84d472e-cc16-46fa-87f0-95a5a0090fbf,,true,true,0,English (legacy),—,,English [eng],fd3b1f58-0d2e-4798-b593-a51f7a37a2c1,stan1293,—,,review,"target is English (legacy); no other language named — English may be right, or ask the team",
ebede11f-7503-4acd-8061-2b4725ae469f,,true,true,0,English [eng],—,,English [eng],fd3b1f58-0d2e-4798-b593-a51f7a37a2c1,stan1293,—,,review,"target is English (glottolog); no other language named — English may be right, or ask the team",
ee7c0120-272e-4c5e-8c33-79c546f8eb4e,,true,true,0,English (legacy),—,,English [eng],fd3b1f58-0d2e-4798-b593-a51f7a37a2c1,stan1293,—,,review,"target is English (legacy); no other language named — English may be right, or ask the team",
f1cc3907-6dd5-40a2-bf58-9ba57e324af1,,true,true,0,myarmam (user-made),—,,—,,,—,,review,target is user-made; no Glottolog match found,
f5059add-0e1d-4191-b412-63154c40165d,,true,true,0,English (legacy),—,,English [eng],fd3b1f58-0d2e-4798-b593-a51f7a37a2c1,stan1293,—,,review,"target is English (legacy); no other language named — English may be right, or ask the team",
f5699bd3-1e11-44f7-a7a6-d999dd1d9f5d,,true,true,0,English (legacy),English [eng],,English [eng],fd3b1f58-0d2e-4798-b593-a51f7a37a2c1,stan1293,English [eng],fd3b1f58-0d2e-4798-b593-a51f7a37a2c1,review,"target is English (legacy); no other language named — English may be right, or ask the team",
fb037289-d0d2-471b-be0d-faf36a5cc007,,true,true,0,English (legacy),English [eng],,English [eng],fd3b1f58-0d2e-4798-b593-a51f7a37a2c1,stan1293,English [eng],fd3b1f58-0d2e-4798-b593-a51f7a37a2c1,review,"target is English (legacy); no other language named — English may be right, or ask the team",
fce3e44d-543e-4ac6-8b48-ce65fe60d136,,true,true,0,English (legacy),English [eng],,English [eng],fd3b1f58-0d2e-4798-b593-a51f7a37a2c1,stan1293,English [eng],fd3b1f58-0d2e-4798-b593-a51f7a37a2c1,review,"target is English (legacy); no other language named — English may be right, or ask the team",
ffbc4b87-31c6-49fa-a8e2-cbb0680b937f,,true,true,0,English (legacy),English [eng],,English [eng],fd3b1f58-0d2e-4798-b593-a51f7a37a2c1,stan1293,English [eng],fd3b1f58-0d2e-4798-b593-a51f7a37a2c1,review,"target is English (legacy); no other language named — English may be right, or ask the team",
9c15b1bb-a414-480c-bbaf-df7c5352bdf2,,true,true,148366,English [eng],—,English [eng] ×148366,Berom [bom],ce84db43-8594-4035-b12e-ac7f3b008369,bero1242,—,,low,target is English (glottolog); its name names this language,
f33bf42f-2957-4be6-8b9e-2eefb382ab2f,,true,true,57199,Hindi [hin],—,Hindi [hin] ×57199,Halbi,25b55243-3956-4cf8-822a-110828390a1c,halb1244,—,,low,"target is Hindi, but the its name names this language",
9cb60cae-a21a-4f66-a2a8-0dfda7eaf623,,true,true,43686,Nuclear Nepali,—,Nuclear Nepali ×43686,Western Parbate Kham [kjl],f5747eeb-3546-4032-8cd4-34b7979c34c2,west2420,—,,low,"target is Nuclear Nepali, but the its name names this language",
a5af1a4f-eb72-44ac-9d02-79e874129b44,,true,true,29565,Hindi [hin],—,Hindi [hin] ×29565,Southern Carrier [caf],edfdb572-2110-4d12-93c8-8a6a0d0a0bab,sout2958,—,,low,"target is Hindi, but the its name names this language",
6a15d791-9d92-4117-a5ac-b9563a91edf5,,true,true,27185,English (legacy),—,English (legacy) ×27729,Rajbanshi [rjs],3fde573e-5408-4de1-9034-b6c456a5c545,rajb1243,—,,low,target is English (legacy); its name names this language,
0f875fdf-242f-4888-8d48-a55ae991cbb9,,true,true,8097,Nepali [npi],—,Nepali [npi] ×8097,Dhimal [dhi],8cb28211-b408-42dc-a6e6-11d650bf3d18,dhim1246,—,,low,"target is Nepali, but the its name names this language",
75139e86-7fc1-45db-b373-d8d5938be5e4,,false,true,7959,Sãotomense [cri],Brazilian Portuguese,Brazilian Portuguese ×15916; Nhengatu [yrl] ×1,Portuguese [por],a1cb9ca9-8f6d-400b-a071-544a32ea1d82,port1283,Brazilian Portuguese,98422281-257a-4e16-b908-477e9e56b076,low,"target is Sãotomense, but the its name names this language",
bf9be975-2351-4f08-bba1-7a9eb4ea6276,,true,true,1739,Nepali [npi],—,Nepali [npi] ×1739,Dhimal [dhi],8cb28211-b408-42dc-a6e6-11d650bf3d18,dhim1246,—,,low,"target is Nepali, but the its name names this language",
cf3a56f5-5291-4998-9f9e-0871f2183d0e,,true,true,778,English (legacy),—,English (legacy) ×765; Bena (Tanzania) [bez] ×12 (+1 more),Swahili [swh],db0ae9dd-35f5-4f04-8f2e-e014c7fb0110,swah1253,—,,low,target is English (legacy); its name names this language,
8b2c35d6-56db-4235-9f22-8614769fd70b,Romani Bible Project,true,false,672,Romane (arli) (user-made),—,Romane (arli) (user-made) ×2711,Sinte-Manus Romani [rmo],b134fcb6-3e44-47b0-affb-79d1fa5b0325,sint1235,—,,low,"target is user-made ""Romane (arli)""; closest Glottolog: ""romani""",
ddd35095-ecfd-4e3f-84c9-1a67e7d55be1,,true,true,521,Mandarin [cmn],—,Mandarin [cmn] ×520; — ×1,Min Nan Chinese [nan],a2687fa8-0e96-4389-b99a-74da5d7f6cda,minn1241,—,,low,"target is Mandarin, but the its name names this language",
a92b9e6e-236a-4c29-92ac-72c4dd37aa0b,,true,true,133,Gihara Bhasa (user-made),—,Gihara Bhasa (user-made) ×133,Lambadi,74d47e5f-0910-40f7-8746-cd3ed87d31e3,lamb1269,—,,low,target is user-made; closest Glottolog match by name,
fe94419e-89ac-4cc5-bfde-e883ec6787e5,Yong-th,true,false,113,English [eng],—,English [eng] ×113,Yong [yno],51eeadbc-3adb-49d5-a4bb-28f4be5a6d98,yong1277,—,,low,"target is English (glottolog); name mentions ""yong""",
50b9fd62-11d5-4067-be90-9035333f7b54,Moklen(MKM),true,false,22,Thai,—,Thai ×21,Moklen [mkm],174c6a62-16c4-4bed-9417-b494f6841056,mokl1243,—,,low,"target is Thai, but the name mentions ""moklen""",
667f94a5-1a05-4b1b-a467-fe4c68cf8b6f,Lao Song(SOA),true,false,17,Thai,—,Thai ×17,Thai Song [soa],0327e146-2fab-4c6b-8740-d141ed79b877,thai1259,—,,low,"target is Thai, but the name mentions ""lao song""",
d47d9bb6-6ed5-4d2e-8678-8ed4a47cc81b,Mlabri(MRA),true,false,17,Thai,—,Thai ×17,Mlabri [mra],4d99b3af-45e8-4c49-aa54-60ec13a7b257,mlab1235,—,,low,"target is Thai, but the name mentions ""mlabri""",
1301cc46-93e8-4f35-b53d-43df70a0e45b,Nyah Kur(CBN),true,false,16,Thai,—,Thai ×16,Nyahkur [cbn],a9b4d32f-aa48-4843-95bb-bc385434b7ae,nyah1250,—,,low,"target is Thai, but the name mentions ""nyah kur""",
5d6997e1-9de5-4c21-ad73-4b7e8661a331,Yong(YNO),true,false,16,Thai,—,Thai ×16,Yong [yno],51eeadbc-3adb-49d5-a4bb-28f4be5a6d98,yong1277,—,,low,"target is Thai, but the name mentions ""yong""",
9f702032-f2e8-47a8-9cb4-97fdb54f6bfe,Karen Pwo Phrae(KJT),true,false,16,Thai,—,Thai ×15; Atayal [tay] ×1,Pwo Eastern Karen [kjp],13f214b2-6e20-4a35-b168-19fd1a2a6319,pwoe1235,—,,low,"target is Thai, but the name mentions ""karen pwo""",
2e472ddf-6877-45dd-a66a-d49f7f98cb44,,true,true,15,Romane (arli) (user-made),—,Romane (arli) (user-made) ×16; — ×1,Gheg Albanian [aln],43e4891c-b683-451f-922f-8fddcaa029a3,gheg1238,—,,low,target is user-made; closest Glottolog match by name,
375cb065-e16f-43e4-b900-17c9360a802c,,true,true,5,English (legacy),—,English (legacy) ×5,Karen [bql],88843eb4-f564-4e87-9049-43f388e90d99,bila1257,—,,low,target is English (legacy); its name names this language,
c4bfd190-47d6-4d1e-8e9d-0ff99dae32aa,Karen Pwo Phare,true,false,2,English [eng],—,English [eng] ×220; — ×1,Pwo Eastern Karen [kjp],13f214b2-6e20-4a35-b168-19fd1a2a6319,pwoe1235,—,,low,"target is English (glottolog); name mentions ""karen pwo""",
2e2efdc7-7852-4930-8d71-3b292ea96b1a,,true,true,1,English (legacy),—,English (legacy) ×10,Yue Chinese [yue],56779daa-819a-4b85-bf85-c357bd2c3b8c,yuec1235,—,,low,target is English (legacy); its name names this language,
af4e42d8-f9e3-436a-804d-2c638e77b19f,,true,true,1,English (legacy),—,English (legacy) ×10,Western Viti Levu-Yasawas Fijian [wyy],a9798573-aa9b-4b22-91d5-b075e1cdb38e,west2519,—,,low,target is English (legacy); its name names this language,
0329e457-42a1-490c-8923-4d61fc04dab7,,true,true,0,Nepali [npi],—,,Dhimal [dhi],8cb28211-b408-42dc-a6e6-11d650bf3d18,dhim1246,—,,low,"target is Nepali, but the its name names this language",
054376f8-0ec1-4448-8a7f-b57d64689df5,,true,true,0,French [fra],—,,Yoruba,210fe0e9-41fa-4547-ad51-7c5f6fd2f3ca,yoru1245,—,,low,"target is French, but the its name names this language",
0e863623-64b6-4e81-ae77-ced8c9bccdb2,,true,true,0,Burmese [mya],—,,Kayan Lahwi [pdu],c9bb585d-986c-4f4c-bf19-7030f52c1df2,kaya1315,—,,low,"target is Burmese, but the its name names this language",
15fed8e3-77ff-49dd-a112-1823f799a192,,true,true,0,English (legacy),—,,Tigon Mbembe [nza],8c518834-e073-47c9-bb35-a2780af962a0,tigo1236,—,,low,target is English (legacy); its name names this language,
173acaeb-cd64-4e1c-9540-98cfd28a1914,,true,true,0,English (legacy),—,,Fijian,7573600e-c0c5-4256-92ca-dc384d622548,fiji1243,—,,low,target is English (legacy); its name names this language,
17b2b132-09c6-4f41-97c3-1c3bc650533d,,true,true,0,Burmese [mya],—,,Inku [jat],c50c2d4c-2848-47e7-8aeb-9f5df9beeabe,jaka1245,—,,low,"target is Burmese, but the its name names this language",
18255b4b-27e3-476c-8767-ef4a12098c32,,true,true,0,French [fra],French [fra],,Mina,03b3c92b-8d6c-46bb-b49a-e4bd39779905,mina1273,French [fra],155f40c3-cb64-4fdd-aaf7-a55acb42c755,low,"target is French, but the its name names this language",
194c4fed-c76c-4817-b95c-18acfdfc4284,,true,true,0,English (legacy),—,,Tigon Mbembe [nza],8c518834-e073-47c9-bb35-a2780af962a0,tigo1236,—,,low,target is English (legacy); its name names this language,
1c55545d-d3d0-418c-8516-8b758d8fdd98,,true,true,0,Burmese [mya],—,,Western Kayah [kyu],c058040e-5095-41e5-be92-43381df042d4,west2409,—,,low,"target is Burmese, but the its name names this language",
2bd6715b-59b7-4d1a-b7ae-f95883b18a83,,true,true,0,English (legacy),—,,Western Kayah [kyu],c058040e-5095-41e5-be92-43381df042d4,west2409,—,,low,target is English (legacy); its name names this language,
3336c98d-e76b-4e9d-9bd2-585c54d8be09,,true,true,0,English (legacy),English [eng],,Tigon Mbembe [nza],8c518834-e073-47c9-bb35-a2780af962a0,tigo1236,English [eng],fd3b1f58-0d2e-4798-b593-a51f7a37a2c1,low,target is English (legacy); its name names this language,
3cf559a8-0783-4dd2-8600-41faed6a5b60,Colombia,true,false,0,Spanish [spa],Spanish [spa],,Natagaimas [nts],1d64a57c-4f64-4394-8ce7-d05081fa7077,nata1238,Spanish [spa],b032faf4-aebf-4848-984d-053eccc54f1f,low,"target is Spanish, but the name mentions ""colombia""",
3e56a109-9713-4b5b-ab60-512dedb478ea,,true,true,0,Dzongkha [dzo],—,,Dzalakha [dzl],b6215cf4-8876-4c0a-ae8b-ab4e850d1227,dzal1238,—,,low,"target is Dzongkha, but the its name names this language",
40668f61-4dca-4c5a-9b50-b8ac4c8d5cfe,Pear Flower Mixtec,true,false,0,Sanskrit [san],—,,Pear [pcb],6982730f-b874-44dc-a158-5affec8289b6,pear1247,—,,low,"target is Sanskrit, but the name mentions ""pear""",
4c9831fa-ff6f-407d-9a0f-33c624dbe0f0,,true,true,0,English (legacy),—,,Tigon Mbembe [nza],8c518834-e073-47c9-bb35-a2780af962a0,tigo1236,—,,low,target is English (legacy); its name names this language,
52e6deb8-31e2-45f3-8168-b885231fcf92,,true,true,0,French [fra],French [fra],,Lamba [lam],3df86742-ca78-40ab-8ef4-f3b42aca17f5,lamb1271,French [fra],155f40c3-cb64-4fdd-aaf7-a55acb42c755,low,"target is French, but the its name names this language",
54d75242-7dbd-4314-b124-636e8e502440,,true,true,0,French [fra],—,,Anii [blo],3996980d-e60e-4eda-ae36-50dd79b34e6b,anii1245,—,,low,"target is French, but the its name names this language",
588f7858-091b-482d-9c4a-6775add88be7,,true,true,0,Malayalam [mal],—,,Tamil [tam],e0d0b13f-94b9-4e48-b276-044c1e359462,tami1289,—,,low,"target is Malayalam, but the its name names this language",
5ac13d7b-ab35-408c-bb01-55f779896c8b,,true,true,0,myanmar (user-made),—,,Western Kayah [kyu],c058040e-5095-41e5-be92-43381df042d4,west2409,—,,low,target is user-made; closest Glottolog match by name,
5c867f96-477b-4299-b93f-d57b82499d16,,true,true,0,English (legacy),—,,Western Parbate Kham [kjl],f5747eeb-3546-4032-8cd4-34b7979c34c2,west2420,—,,low,target is English (legacy); its name names this language,
6155d116-48db-4bd3-b15d-44f362d7f5a9,,true,true,0,English (legacy),—,,Western Kayah [kyu],c058040e-5095-41e5-be92-43381df042d4,west2409,—,,low,target is English (legacy); its name names this language,
637979f8-70ba-4507-8a14-3984a9740dab,Karen Pwo phare,true,false,0,English [eng],—,,Pwo Eastern Karen [kjp],13f214b2-6e20-4a35-b168-19fd1a2a6319,pwoe1235,—,,low,"target is English (glottolog); name mentions ""karen pwo""",
693edb0a-3677-43a8-9eb8-e456b85f3d40,,true,true,0,Australic English,—,,Hindi [hin],3502e2a1-3cfd-45f7-8167-a9a67d42c76a,hind1269,—,,low,"target is Australic English, but the its name names this language",
6cbf49f8-ffc5-453c-9c0f-35f888e058dd,,true,true,0,English (legacy),—,,Nepali [npi],7a735df4-4f4e-4a03-b60e-eb7911152cf4,nepa1254,—,,low,target is English (legacy); its name names this language,
788fd93a-2ea4-4627-8cb8-8a01f650c3e0,,true,true,0,English (legacy),—,,Karen [bql],88843eb4-f564-4e87-9049-43f388e90d99,bila1257,—,,low,target is English (legacy); its name names this language,
78af2526-2b57-4666-a166-f7c8748aeb44,,true,true,0,English (legacy),—,,Pahari Newari [phj],f795fc32-26ef-4eab-a73c-e98e2fae9233,paha1257,—,,low,target is English (legacy); its name names this language,
7d9e7d3e-5a0f-41bb-89cb-665c62fe3924,,true,true,0,Nepali [npi],—,,Dhimal [dhi],8cb28211-b408-42dc-a6e6-11d650bf3d18,dhim1246,—,,low,"target is Nepali, but the its name names this language",
8e92a319-77eb-4601-900c-8a8da5f7c80e,,true,true,0,English (legacy),—,,Karen [bql],88843eb4-f564-4e87-9049-43f388e90d99,bila1257,—,,low,target is English (legacy); its name names this language,
9cd72b16-2889-4127-a169-a39bbd551eb0,,true,true,0,English (legacy),—,,Fijian,7573600e-c0c5-4256-92ca-dc384d622548,fiji1243,—,,low,target is English (legacy); its name names this language,
9e17d7c9-f0ee-4cb4-87c9-972f79195bf4,,true,true,0,Bau (Fijian),—,,Fijian,7573600e-c0c5-4256-92ca-dc384d622548,fiji1243,—,,low,"target is Bau (Fijian), but the its name names this language",
a0b48fb3-2cdb-4aad-be3c-91cc23599c4f,,true,true,0,English (legacy),—,,Fijian,7573600e-c0c5-4256-92ca-dc384d622548,fiji1243,—,,low,target is English (legacy); its name names this language,
b0776dff-78b5-437c-b566-c0839e54e09b,,true,true,0,English (legacy),—,,Karen [bql],88843eb4-f564-4e87-9049-43f388e90d99,bila1257,—,,low,target is English (legacy); its name names this language,
b08097a8-0cf1-440d-a4bc-79a3e1d8a7be,,true,true,0,Australic English,—,,Hindi [hin],3502e2a1-3cfd-45f7-8167-a9a67d42c76a,hind1269,—,,low,"target is Australic English, but the its name names this language",
b2116980-c8eb-49d9-bc4e-c41a6c6414bc,,true,true,0,English (legacy),—,,Karen [bql],88843eb4-f564-4e87-9049-43f388e90d99,bila1257,—,,low,target is English (legacy); its name names this language,
b9e1f04b-c30a-4d97-a20b-781a11380118,,true,true,0,English (legacy),—,,Pamona [pmf],2336ad00-170c-429a-8987-61b84a1f0041,pamo1252,—,,low,target is English (legacy); its name names this language,
bde38268-b669-4903-8c7f-bbf93120115d,,false,true,0,Hindi [hin],—,,Halbi,25b55243-3956-4cf8-822a-110828390a1c,halb1244,—,,low,"target is Hindi, but the its name names this language",
c2e85b20-0088-4a8e-a9fb-75a53d547dd1,,true,true,0,English (legacy),—,,Berom [bom],ce84db43-8594-4035-b12e-ac7f3b008369,bero1242,—,,low,target is English (legacy); its name names this language,
d3025131-d156-4379-aab8-f34387e5d2a7,,true,true,0,English (legacy),—,,Tigon Mbembe [nza],8c518834-e073-47c9-bb35-a2780af962a0,tigo1236,—,,low,target is English (legacy); its name names this language,
dc347893-d14b-4405-9572-36fd60cec295,,true,true,0,Brazilian Portuguese,—,,Ikpeng [txi],c1c9381f-aca8-4e62-a7c2-5fce766a26e5,ikpe1245,—,,low,"target is Brazilian Portuguese, but the its name names this language",
dea6a8b2-14fb-4f06-bdf4-4683c1324274,,true,true,0,English (legacy),—,,Rajbanshi [rjs],3fde573e-5408-4de1-9034-b6c456a5c545,rajb1243,—,,low,target is English (legacy); its name names this language,
eb0b09a9-2ae3-40a1-b553-4028d830f71f,,true,true,0,Old-Modern Marathi,—,,Marathi [mar],7e3ecd22-acad-490f-b6ef-6e8cf8087d3c,mara1378,—,,low,"target is Old-Modern Marathi, but the its name names this language",
febca174-6861-4ea4-9138-d9116b7d2465,,true,true,0,French [fra],French [fra],,Lamba [lam],3df86742-ca78-40ab-8ef4-f3b42aca17f5,lamb1271,French [fra],155f40c3-cb64-4fdd-aaf7-a55acb42c755,low,"target is French, but the its name names this language",
3766aa2a-5be8-47fc-afc4-7e946df5c770,,true,true,58654,English (legacy),—,English (legacy) ×59537,Central-Eastern Kamta [rkt],06b7ffda-aeb2-4673-a13d-9c9e942f860d,rang1265,—,,medium,target is English (legacy); its name names this language,
9200bcbc-0ed5-4bb6-af53-2ee18b6d7b32,,true,true,58140,English (legacy),—,English (legacy) ×58209,Santali [sat],6691055a-89da-43bb-8b6e-bf4f842a34e3,sant1410,—,,medium,target is English (legacy); its name names this language,
75ffcf16-8583-43fd-a028-e4a5d890d654,Tyap,true,false,39359,English (legacy),—,English (legacy) ×49989,Tyap [kcg],bea0ef23-4eec-41d5-9a2d-6240e4f55644,tyap1238,—,,medium,"target is English (legacy); name mentions ""tyap""",
38d3fa32-7010-4abe-a4ba-68f32d9e7586,Koro Miyan dialect,true,false,33061,English (legacy),—,English (legacy) ×58466,Koro [jkr],ec73b7d1-854c-497d-9973-0fa0ce76fb40,koro1316,—,,medium,"target is English (legacy); name mentions ""koro""",
93cce3ab-bc80-4afa-b5fe-91455e453248,Rasuwa Tamang,true,false,32299,English (legacy),—,English (legacy) ×32299,Rasuwa,17999d9a-0bdc-4ba2-81be-df115726cc39,rasu1238,—,,medium,"target is English (legacy); name mentions ""rasuwa""",
71636876-ffc5-43cb-9830-1e34e238c6f6,,true,true,12905,English (legacy),—,English (legacy) ×76139,Bodo-Mech [brx],390faa70-bdc6-40e4-82d1-765f2d2e0e18,bodo1269,—,,medium,target is English (legacy); its name names this language,
8fcb9082-dc5e-4bdf-80f3-010e471ab605,,true,true,9,English (legacy),—,English (legacy) ×8; — ×1,Kabwa [cwa],1d4924f0-4e96-44e6-9c7d-a679bdb00a32,kabw1241,—,,medium,target is English (legacy); its name names this language,
0489b194-250b-4dd4-9ad2-52882a84dd48,,true,true,0,English (legacy),—,,Ao Naga [njo],119aaead-5bea-4c50-a50a-aeb1d0869491,aona1235,—,,medium,target is English (legacy); its name names this language,
1ad3af61-1755-4b4f-aa7f-a5b5496eef79,,true,true,0,English (legacy),—,,Marathi [mar],7e3ecd22-acad-490f-b6ef-6e8cf8087d3c,mara1378,—,,medium,target is English (legacy); its name names this language,
28da343c-71a2-4143-a0a7-736c8f9dda3c,,true,true,0,English (legacy),—,,Nyanja [nya],5870452d-7878-4328-916d-f4fecc0b79f2,nyan1308,—,,medium,target is English (legacy); its name names this language,
32312262-5522-4a7c-bf95-8ef61c15528c,,false,true,0,English (legacy),—,,Tyap [kcg],bea0ef23-4eec-41d5-9a2d-6240e4f55644,tyap1238,—,,medium,target is English (legacy); its name names this language,
36410b4c-a340-446a-88dc-02b5a7502bb5,,true,true,0,English (legacy),—,,Korean,fe680b77-57cc-4d72-a047-282544e8cc5c,kore1280,—,,medium,target is English (legacy); its name names this language,
3679663b-eb06-43b3-8aee-c203b0edb34b,,true,true,0,iso:gsl (user-made),—,,Gusilay [gsl],32867e8e-243d-4076-8a09-b8a0b8d5c45e,gusi1246,—,,medium,target is user-made; closest Glottolog match by name,
3a60c209-b79e-423f-a06b-ba035d6b6ed8,,true,true,0,English (legacy),—,,Bujhyal [byh],ba608d7a-ea88-4299-8b48-05501417584c,bujh1238,—,,medium,target is English (legacy); its name names this language,
519fd3e7-5001-459f-90eb-854e89250e4b,Afrikaans,false,false,0,English (legacy),—,,Afrikaans,469d6ebf-8a0c-420d-831d-b4272cd66ede,afri1274,—,,medium,"target is English (legacy); name mentions ""afrikaans""",
57dbeeb8-ce64-4160-b7a5-1845c4a6a926,,true,true,0,English (legacy),—,,Assam Khamti,7c6df1cb-441b-4042-8b4a-88c7523b2aa8,assa1265,—,,medium,target is English (legacy); its name names this language,
61309acb-57c4-442a-804f-dad3e60352b9,,true,true,0,Flores-Sumba-Hawu,—,,Hawu [hvn],a9ef853d-29ec-4d68-ba09-6aaf35da16eb,sabu1255,—,,medium,"target ""Flores-Sumba-Hawu"" is not in Glottolog v5.3; its name names this language",
7a6f198b-46df-4ab9-8924-aea615cd6594,,true,true,0,English (legacy),—,,Rasuwa,17999d9a-0bdc-4ba2-81be-df115726cc39,rasu1238,—,,medium,target is English (legacy); its name names this language,
7c76aa10-bd80-41c4-8d1b-b6eb9016dd3d,,true,true,0,English (legacy),French [fra],,French [fra],155f40c3-cb64-4fdd-aaf7-a55acb42c755,stan1290,French [fra],155f40c3-cb64-4fdd-aaf7-a55acb42c755,medium,target is English (legacy); its name names this language,
98e14e4a-7db4-4d1e-805d-7037ff2180c1,,true,true,0,English (legacy),—,,Mandarin [cmn],0d75d06f-2692-4127-b810-67dd64fa6eee,mand1415,—,,medium,target is English (legacy); its name names this language,
9f7a122b-333d-4056-8be1-df75956e5b14,,true,true,0,English (legacy),—,,Nyanja [nya],5870452d-7878-4328-916d-f4fecc0b79f2,nyan1308,—,,medium,target is English (legacy); its name names this language,
a090eb25-d604-4d2b-ad38-e3ddcf069d35,,true,true,0,English (legacy),—,,Saluan [loe],e398923c-c693-4568-9334-c6949e8f5b53,salu1253,—,,medium,target is English (legacy); its name names this language,
a55fa29e-7951-4c99-86f9-856fafbb5c4b,,true,true,0,English (legacy),—,,Mizo [lus],11e62e16-67ff-4ffb-b940-770d6d2c057e,lush1249,—,,medium,target is English (legacy); its name names this language,
aa856124-20ed-4e44-85b3-4ae2f11b6c63,,true,true,0,English [eng],—,,Min Nan Chinese [nan],a2687fa8-0e96-4389-b99a-74da5d7f6cda,minn1241,—,,medium,target is English (glottolog); its name names this language,
b7f606c9-8279-4f3e-9478-5151cbb9e516,,true,true,0,English (legacy),—,,Nyanja [nya],5870452d-7878-4328-916d-f4fecc0b79f2,nyan1308,—,,medium,target is English (legacy); its name names this language,
bbbc253a-18db-40fb-a2e0-d04a71e2aa47,,true,true,0,português (user-made),—,,Portuguese [por],a1cb9ca9-8f6d-400b-a071-544a32ea1d82,port1283,—,,medium,target is user-made; closest Glottolog match by name,
c64552d5-df2d-4f82-91cd-febe193a8189,,true,true,0,English (legacy),—,,Marathi [mar],7e3ecd22-acad-490f-b6ef-6e8cf8087d3c,mara1378,—,,medium,target is English (legacy); its name names this language,
c7762fa9-f0ba-4110-afb9-033f11a4f1d0,,true,true,0,English (legacy),—,,Afrikaans,469d6ebf-8a0c-420d-831d-b4272cd66ede,afri1274,—,,medium,target is English (legacy); its name names this language,
cc4c7aec-45f4-4490-9fbb-e7310292fa88,,true,true,0,English (legacy),French [fra],,French [fra],155f40c3-cb64-4fdd-aaf7-a55acb42c755,stan1290,French [fra],155f40c3-cb64-4fdd-aaf7-a55acb42c755,medium,target is English (legacy); its name names this language,
cc6b0750-9a82-4ba1-8a0d-6ef346060aad,Hawu Habbha,false,false,0,English [eng],—,,Hawu [hvn],a9ef853d-29ec-4d68-ba09-6aaf35da16eb,sabu1255,—,,medium,"target is English (glottolog); name mentions ""hawu""",
cf08d2a6-fa24-4730-80bb-cc8c2d037933,,true,true,0,English (legacy),—,,Central Alemannic [gsw],8b700046-9dbf-4455-bfed-ddf5c692a030,swis1247,—,,medium,target is English (legacy); its name names this language,
da6cffd0-e006-4ed7-ac3f-0865baf787d6,,true,true,0,English [eng],—,,Mandarin [cmn],0d75d06f-2692-4127-b810-67dd64fa6eee,mand1415,—,,medium,target is English (glottolog); its name names this language,
dcc0b6d1-e563-4918-b663-6af2c1cd8977,,true,true,0,English (legacy),—,,Nyanja [nya],5870452d-7878-4328-916d-f4fecc0b79f2,nyan1308,—,,medium,target is English (legacy); its name names this language,
f2cbbb49-2952-4386-903a-91452bac0990,,true,true,0,Flores-Sumba-Hawu,—,,Hawu [hvn],a9ef853d-29ec-4d68-ba09-6aaf35da16eb,sabu1255,—,,medium,"target ""Flores-Sumba-Hawu"" is not in Glottolog v5.3; its name names this language",
faf6e74e-fec6-4370-ab4d-f2f078abd7f5,,true,true,0,English (legacy),—,,Sundanese,70e81159-99ec-47ba-9de9-42b042b6270d,sund1252,—,,medium,target is English (legacy); its name names this language,
ff570b13-bc5c-4ba1-991f-5631fad3a5bb,,true,true,0,English (legacy),—,,Nyanja [nya],5870452d-7878-4328-916d-f4fecc0b79f2,nyan1308,—,,medium,target is English (legacy); its name names this language,
7de1765c-efa8-4c00-a358-767711f5a561,,true,true,45463,English (legacy),—,English (legacy) ×44584; Bujhyal [byh] ×890,Bujhyal [byh],ba608d7a-ea88-4299-8b48-05501417584c,bujh1238,—,,high,"target is English (legacy); its name names this language, and its content is tagged that language",
81eed3e0-4692-4b8f-ba9e-728e97fa6f38,Kuturmi Iwingo EL,true,false,38372,Kuturmi [khj],—,Kuturmi [khj] ×85825,Kuturmi [khj],5b91ceed-02a1-4c65-b96c-9372164adcf9,kutu1262,—,,keep,target is a Glottolog language,
de69afac-6340-4f8a-90f2-a75c383c356f,,true,true,33281,Nepali [npi],—,Nepali [npi] ×33281,Nepali [npi],7a735df4-4f4e-4a03-b60e-eb7911152cf4,nepa1254,—,,keep,target is a Glottolog language,
5cbb3b8b-04da-4c48-be3e-bb7722293a39,,false,true,30807,Nhengatu [yrl],Brazilian Portuguese,Brazilian Portuguese ×30807,Nhengatu [yrl],4fdfee82-168d-47a4-9d2b-36fd744a0e74,nhen1239,Brazilian Portuguese,98422281-257a-4e16-b908-477e9e56b076,keep,target is a Glottolog language,
67371160-93ae-4c10-9cd9-59ed7039d9ca,,true,true,29409,Hindi [hin],—,Hindi [hin] ×29439,Hindi [hin],3502e2a1-3cfd-45f7-8167-a9a67d42c76a,hind1269,—,,keep,target is a Glottolog language,
f0b7ad90-6941-4aa8-8d2b-c2e44bf5aa17,,true,true,9176,Kui (India) [kxu],—,Kui (India) [kxu] ×9415,Kui (India) [kxu],8d300ac5-bfc9-4354-a1e2-256a576e5ac8,kuii1252,—,,keep,target is a Glottolog language,
d222d155-45e7-4e94-808a-a5ce63520dc5,Kalimat Bahasa Indonesia ke Tetun,false,false,8071,Tetum [tet],Standard Indonesian [ind],Standard Indonesian [ind] ×8071,Tetum [tet],8348712c-c3ba-451e-b6d1-c2d6a1d91900,tetu1245,Standard Indonesian [ind],57f410a6-a182-4126-b7ce-45e1280d0cfc,keep,target is a Glottolog language,
98e4d189-34b4-4de8-95a3-5ebf84e7ef79,English Sentences to Tok Pisin,false,false,8004,Tok Pisin [tpi],English [eng],English [eng] ×8006,Tok Pisin [tpi],6f800df3-05d2-455b-9a88-a077d1f111cc,tokp1240,English [eng],fd3b1f58-0d2e-4798-b593-a51f7a37a2c1,keep,target is a Glottolog language,
997aae22-d22c-4a2b-974e-66e0f5082e05,,false,true,7711,Tetum [tet],English [eng],English [eng] ×7711,Tetum [tet],8348712c-c3ba-451e-b6d1-c2d6a1d91900,tetu1245,English [eng],fd3b1f58-0d2e-4798-b593-a51f7a37a2c1,keep,target is a Glottolog language,
a86263dc-abab-4ae1-b38a-752d0b13f9a8,,true,true,7100,Amanuban-Amanatun,—,Amanuban-Amanatun ×7099; — ×1,Amanuban-Amanatun,7f1ce5de-d402-453d-8078-91d69d92c254,aman1264,—,,keep,target is a Glottolog language,
b3257a9b-a351-4b8b-8634-d92fb41d428d,,false,true,3281,Kamayurá [kay],Brazilian Portuguese,Brazilian Portuguese ×3281,Kamayurá [kay],f1b03fc4-6cd9-4c74-ba80-bce3bbd36e2d,kama1373,Brazilian Portuguese,98422281-257a-4e16-b908-477e9e56b076,keep,target is a Glottolog language,
913ad024-b6fd-4ba0-acc4-f2efb8023b8a,,false,true,3267,Terena-Kinikinao-Chane [ter],Brazilian Portuguese,Brazilian Portuguese ×3155; Terena-Kinikinao-Chane [ter] ×112,Terena-Kinikinao-Chane [ter],750e931d-02f7-41d1-a9b9-0a2898c4b1d0,tere1279,Brazilian Portuguese,98422281-257a-4e16-b908-477e9e56b076,keep,target is a Glottolog language,
192e2b1a-7fee-4f9a-8e6d-ad236dde2495,,false,true,3244,Ejamat [eja],Brazilian Portuguese,Brazilian Portuguese ×3244,Ejamat [eja],4d0394be-7460-48ff-ac28-9250a62b2284,ejam1238,Brazilian Portuguese,98422281-257a-4e16-b908-477e9e56b076,keep,target is a Glottolog language,
42242d11-50db-4fb2-adb1-a30eb0fe7889,,false,true,3238,Ndau [ndc],Brazilian Portuguese,Brazilian Portuguese ×3238,Ndau [ndc],23d9f309-7e95-4aa5-868d-ab488355962c,ndau1241,Brazilian Portuguese,98422281-257a-4e16-b908-477e9e56b076,keep,target is a Glottolog language,
f1c7af9f-3b15-49e2-bdac-68d414d53ec3,,false,true,3199,Makhuwa [vmw],Brazilian Portuguese,Brazilian Portuguese ×3199,Makhuwa [vmw],3bd67df2-9722-40b8-8e5c-3b83d77d82b8,makh1264,Brazilian Portuguese,98422281-257a-4e16-b908-477e9e56b076,keep,target is a Glottolog language,
4e8203d1-af04-4c35-8710-1c49ade4c44d,,false,true,3039,Mansoanka [msw],Brazilian Portuguese,Brazilian Portuguese ×3039,Mansoanka [msw],6a9e6efc-dfec-415f-8b84-3d557aa29c3f,mans1259,Brazilian Portuguese,98422281-257a-4e16-b908-477e9e56b076,keep,target is a Glottolog language,
556d390e-14ea-4ce7-a8a9-ead7dce196ee,,true,true,2001,Afrikaans,English [eng],English [eng] ×1996; Afrikaans ×3 (+1 more),Afrikaans,469d6ebf-8a0c-420d-831d-b4272cd66ede,afri1274,English [eng],fd3b1f58-0d2e-4798-b593-a51f7a37a2c1,keep,target is a Glottolog language,
949ce8f4-5fd6-4e91-96b8-179ccac3b5c8,JAVANESE,true,false,1189,Central Javanese,—,Central Javanese ×1189,Central Javanese,7beef892-0f14-4056-8af9-bfc586096420,cent2331,—,,keep,target is a Glottolog language,
26fe5a28-2149-4e45-8940-0ed4be4d00b6,,false,true,1181,Gavak [dmc],Tok Pisin [tpi],Tok Pisin [tpi] ×1181,Gavak [dmc],76b7492f-dea8-4692-9341-c33316ebe32c,dimi1244,Tok Pisin [tpi],6f800df3-05d2-455b-9a88-a077d1f111cc,keep,target is a Glottolog language,
8b062256-b50a-4450-ac0e-dca0b1fcd888,,false,true,1181,Awad Bing [bcu],Tok Pisin [tpi],Tok Pisin [tpi] ×1181,Awad Bing [bcu],8adb220b-1e6a-4e33-8e17-641e48eb3a93,awad1244,Tok Pisin [tpi],6f800df3-05d2-455b-9a88-a077d1f111cc,keep,target is a Glottolog language,
9551a4c4-a60b-4b0f-99ca-bc6a869c08bd,,false,true,1181,Barem [buq],Tok Pisin [tpi],Tok Pisin [tpi] ×1181,Barem [buq],0d638d25-9560-45b1-8b40-668f23b96e42,brem1238,Tok Pisin [tpi],6f800df3-05d2-455b-9a88-a077d1f111cc,keep,target is a Glottolog language,
d3b12219-f567-4c21-ae70-683df116b980,,false,true,1181,Korak [koz],Tok Pisin [tpi],Tok Pisin [tpi] ×1181,Korak [koz],f276c048-d485-43e1-bfe2-07f87a9cf1f0,kora1296,Tok Pisin [tpi],6f800df3-05d2-455b-9a88-a077d1f111cc,keep,target is a Glottolog language,
df135b72-2bd0-4e98-8d5b-2d141d737906,Buk bilong Luk long Tok Pisin i go long Manam,false,false,1181,Manam [mva],Tok Pisin [tpi],Tok Pisin [tpi] ×1181,Manam [mva],822352ce-8be5-4b43-9953-42ff79683e5b,mana1295,Tok Pisin [tpi],6f800df3-05d2-455b-9a88-a077d1f111cc,keep,target is a Glottolog language,
e8654c57-b1d2-45af-aad6-5c2aaec0cace,,false,true,1181,Yoidik [ydk],Tok Pisin [tpi],Tok Pisin [tpi] ×1181,Yoidik [ydk],2443f003-7c30-481f-bfb0-8e3930de3d3a,yoid1240,Tok Pisin [tpi],6f800df3-05d2-455b-9a88-a077d1f111cc,keep,target is a Glottolog language,
fd994b37-bc78-426c-abd2-6bbf382304f6,,false,true,1181,Wab [wab],Tok Pisin [tpi],Tok Pisin [tpi] ×1181,Wab [wab],ff4048e2-f080-4cb0-a588-13ea30fd0cb7,wabb1237,Tok Pisin [tpi],6f800df3-05d2-455b-9a88-a077d1f111cc,keep,target is a Glottolog language,
78e22f2b-d010-4356-8c73-5868d1ad573c,,true,true,795,Central Javanese,—,Central Javanese ×795,Central Javanese,7beef892-0f14-4056-8af9-bfc586096420,cent2331,—,,keep,target is a Glottolog language,
ffb02a68-dd2c-4015-8b3b-71edd9da1e26,,true,true,644,Seba (Indonesia),—,Seba (Indonesia) ×699,Seba (Indonesia),a4ec0aac-8188-4910-98e8-0a7eca482567,seba1248,—,,keep,target is a Glottolog language,
2e8ea41f-4ee4-4c7f-95e4-b97a12d93bde,,true,true,448,Burmese [mya],—,Burmese [mya] ×447; — ×3,Burmese [mya],fa8369a5-03a6-4d1e-ba44-152409a2f97c,nucl1310,—,,keep,target is a Glottolog language,
d331e9b0-d464-4f9a-b80f-7064527acf6f,Tamil (Muslim),true,false,418,Tamil [tam],—,Tamil [tam] ×418,Tamil [tam],e0d0b13f-94b9-4e48-b276-044c1e359462,tami1289,—,,keep,target is a Glottolog language,
d86e3aa8-312f-4cf5-9b20-0f3a915cbf3a,East Nusa Tenggara Indonesia,true,false,214,Hawu [hvn],—,Hawu [hvn] ×232,Hawu [hvn],a9ef853d-29ec-4d68-ba09-6aaf35da16eb,sabu1255,—,,keep,target is a Glottolog language,
0a0f3dd7-9f6e-42a3-b08a-46cbff002410,JAVANESE,false,false,208,Central Javanese,—,Central Javanese ×208,Central Javanese,7beef892-0f14-4056-8af9-bfc586096420,cent2331,—,,keep,target is a Glottolog language,
70b924a1-9723-4b25-825d-8d24cc0a974e,,true,true,126,Defi Gbe [gbh],French [fra],Defi Gbe [gbh] ×126,Defi Gbe [gbh],49e5ac6e-d1cf-43f0-9dcc-82b8346ee447,defi1235,French [fra],155f40c3-cb64-4fdd-aaf7-a55acb42c755,keep,target is a Glottolog language,
ece716b2-88d0-4a85-8753-a7fdaae8b62b,,true,true,101,Pwo Eastern Karen [kjp],—,Pwo Eastern Karen [kjp] ×101,Pwo Eastern Karen [kjp],13f214b2-6e20-4a35-b168-19fd1a2a6319,pwoe1235,—,,keep,target is a Glottolog language,
a0b3070b-f2b6-47c3-a150-b33f3f01e0e8,Central Thai SPV,true,false,98,Thai,—,Thai ×96; — ×1,Thai,fe361436-f7ff-4955-a442-59b76623b3c9,thai1261,—,,keep,target is a Glottolog language,
d5ae9ef5-a4ed-4548-a3b3-fc422d2776e3,Bahasa Sabu,false,false,70,Hawu [hvn],—,Hawu [hvn] ×70,Hawu [hvn],a9ef853d-29ec-4d68-ba09-6aaf35da16eb,sabu1255,—,,keep,target is a Glottolog language,
096bc13f-99da-4c53-996b-4d1f15bd1b52,,true,true,68,Tshangla [tsj],—,Tshangla [tsj] ×68,Tshangla [tsj],039f508f-fc88-46bc-b15e-34acfcb607a0,tsha1245,—,,keep,target is a Glottolog language,
3d945f91-7b85-4a54-ad41-dcd095f6ff45,,true,true,44,Chhattisgarhi [hne],—,Chhattisgarhi [hne] ×44,Chhattisgarhi [hne],2d0cd7de-313c-4996-a5aa-d841ed5437e0,chha1249,—,,keep,target is a Glottolog language,
0659691a-9929-4fd6-af2b-afd2128e9017,,true,true,41,Aguok,—,Aguok ×39; — ×2,Aguok,ead4ab32-0382-4928-a982-166b3369dc63,aguo1238,—,,keep,target is a Glottolog language,
43d59b79-498a-41c5-8591-a270c3c6ea14,,true,true,35,Nyanja [nya],—,English (user-made) ×48,Nyanja [nya],5870452d-7878-4328-916d-f4fecc0b79f2,nyan1308,—,,keep,target is a Glottolog language,
73c28cb6-b28e-4c8e-94aa-756c9d7eb2ee,,true,true,35,Bahasa Indonesia,—,English (user-made) ×48,Bahasa Indonesia,6b6f2b4b-b4e5-4da2-9445-b2c85b78c42c,stin1234,—,,keep,target is a Glottolog language,
a8660a52-50ea-4348-a11f-1dea862fefeb,,true,true,35,Mongolian [mon],—,English (user-made) ×48,Mongolian [mon],8b4c06d3-720a-49b1-a2ae-df55bd2e84bb,mong1331,—,,keep,target is a Glottolog language,
61af960a-7361-4c0e-9ee1-c7e1c31f7128,Yoy(YoY),true,false,29,Thai,—,Thai ×28,Thai,fe361436-f7ff-4955-a442-59b76623b3c9,thai1261,—,,keep,target is a Glottolog language,
9bc55cd9-5602-41eb-a230-cca7ae8be495,,true,true,28,Cypriot Turkish,—,Cypriot Turkish ×16; — ×10 (+1 more),Cypriot Turkish,e2d512f6-c47e-43b6-a033-949aae2f65a3,cypr1251,—,,keep,target is a Glottolog language,
e1c6418b-9fcf-4f5d-9a9b-8b46123a98ca,TEST To Delete,true,false,24,Spanish [spa],—,— ×25,Spanish [spa],b032faf4-aebf-4848-984d-053eccc54f1f,stan1288,—,,keep,target is a Glottolog language,
77e73929-08b2-4342-8ef1-baf174fb872a,,true,true,22,Canadian English,—,English (user-made) ×9; Canadian English ×9 (+3 more),Canadian English,53421594-2ba3-4be4-823b-0aecc39728fe,cana1268,—,,keep,target is a Glottolog language,
44ca6a00-7804-4f31-9c05-18309f9dc9bf,Easter pwo Karen,true,false,19,Pwo Eastern Karen [kjp],—,Pwo Eastern Karen [kjp] ×19,Pwo Eastern Karen [kjp],13f214b2-6e20-4a35-b168-19fd1a2a6319,pwoe1235,—,,keep,target is a Glottolog language,
95ade2f5-505b-427d-8b6a-4f6117f86360,,true,true,19,Chukchi [ckt],French [fra],Chukchi [ckt] ×19,Chukchi [ckt],2dd9b435-928a-4423-83ba-4c3cfab82ab6,chuk1273,French [fra],155f40c3-cb64-4fdd-aaf7-a55acb42c755,keep,target is a Glottolog language,
1c8b92ff-d0ec-4049-95fa-bd64214f3a3c,MPI(MPZ),true,false,17,Thai,—,Thai ×17,Thai,fe361436-f7ff-4955-a442-59b76623b3c9,thai1261,—,,keep,target is a Glottolog language,
4fa82711-2f54-4ae4-9f19-4ad488c60d11,,true,true,17,Ilodji,French [fra],Ilodji ×31,Ilodji,c8359f21-75a9-4e5d-b9bc-fac2bd3f9772,ilod1238,French [fra],155f40c3-cb64-4fdd-aaf7-a55acb42c755,keep,target is a Glottolog language,
8037ffe3-ac0a-4e7f-8144-972c337a79bd,Saek [SKI] Mark,true,false,16,Saek [skb],—,Thai ×16,Saek [skb],4c6d6da8-8767-414e-9958-891a46fa8ffc,saek1240,—,,keep,target is a Glottolog language,
9c770eed-ad83-4700-a619-94729b40ba45,Nyaw(NYW),true,false,16,Nyaw [nyw],—,Nyaw [nyw] ×16,Nyaw [nyw],6b8ad098-d9fb-4641-9386-887d3ca76c18,nyaw1245,—,,keep,target is a Glottolog language,
b51adac2-e81a-4c0c-90cf-7bb4895467a7,Aheu,true,false,16,Thavung [thm],—,Thai ×16,Thavung [thm],a19540bf-5fb0-4d5b-b656-c351fcc15388,aheu1239,—,,keep,target is a Glottolog language,
ebdcc055-c286-4a8d-bc1c-3d01a7d8bc68,,true,true,16,Abipon [axb],—,English (user-made) ×9; Canadian English ×9 (+2 more),Abipon [axb],3730190b-b731-4e0b-99de-1eff90ff5b49,abip1241,—,,keep,target is a Glottolog language,
f366546f-ff13-4046-9be3-1a9042c6603b,Nyue Kuy(KUI NYL),true,false,16,Thai,—,Thai ×16,Thai,fe361436-f7ff-4955-a442-59b76623b3c9,thai1261,—,,keep,target is a Glottolog language,
1bae28c7-2612-4984-abe7-2993b2f01505,,true,true,14,Defi Gbe [gbh],French [fra],Defi Gbe [gbh] ×14,Defi Gbe [gbh],49e5ac6e-d1cf-43f0-9dcc-82b8346ee447,defi1235,French [fra],155f40c3-cb64-4fdd-aaf7-a55acb42c755,keep,target is a Glottolog language,
fae38260-e8a0-453b-b735-4b01047a5bc5,,true,true,14,Warnang [wrn],—,Warnang [wrn] ×13; — ×1,Warnang [wrn],633afe29-7df4-4555-a2c3-34329640ea90,warn1244,—,,keep,target is a Glottolog language,
e9e737b3-397a-47cf-8c4f-f6c066142780,God's Story English,false,false,12,English [eng],—,English (user-made) ×18,English [eng],fd3b1f58-0d2e-4798-b593-a51f7a37a2c1,stan1293,—,,keep,"target English, and the name says English",
c9b89100-845d-4850-9e66-600db064cb37,,true,true,8,Ede Nago [nqg],French [fra],Ede Nago [nqg] ×8,Ede Nago [nqg],b03ae9e5-f9d2-4a5f-9627-7c11d904df10,eden1244,French [fra],155f40c3-cb64-4fdd-aaf7-a55acb42c755,keep,target is a Glottolog language,
f6d96adb-2e74-42c1-ba76-0dcdcdf5a7e2,Gérard fia test,true,false,6,French [fra],French [fra],French [fra] ×6,French [fra],155f40c3-cb64-4fdd-aaf7-a55acb42c755,stan1290,French [fra],155f40c3-cb64-4fdd-aaf7-a55acb42c755,keep,target is a Glottolog language,
03f3a66b-a7a0-43d6-a4e5-dcc910a2af08,,true,true,5,Tausug,—,— ×3; English (user-made) ×1 (+1 more),Tausug,b7357673-f4d0-4a60-864a-89d1b8c11be8,taus1251,—,,keep,target is a Glottolog language,
1dc8820f-050a-441d-82d6-2396706495c7,The Creation,true,false,5,Spanish [spa],—,English [eng] ×8; — ×1,Spanish [spa],b032faf4-aebf-4848-984d-053eccc54f1f,stan1288,—,,keep,target is a Glottolog language,
be4fcc01-9946-4151-894b-d778885c40f0,,true,true,5,Abadi [kbt],—,Abadi [kbt] ×6; — ×1,Abadi [kbt],ac8b7089-75cf-4939-9c16-94275857f2c2,abad1241,—,,keep,target is a Glottolog language,
24f217e3-10b8-4921-bdcf-98d8dbb59779,,true,true,4,Nyaw [nyw],—,Nyaw [nyw] ×4,Nyaw [nyw],6b8ad098-d9fb-4641-9386-887d3ca76c18,nyaw1245,—,,keep,target is a Glottolog language,
44625f0b-3579-4495-824f-c61dc7335298,The Creation - Clone,true,false,4,Portuguese [por],—,English [eng] ×8,Portuguese [por],a1cb9ca9-8f6d-400b-a071-544a32ea1d82,port1283,—,,keep,target is a Glottolog language,
5f68ad30-d949-4355-b8af-33f19c21d738,Kui,true,false,4,Kui (India) [kxu],—,Kui (India) [kxu] ×4; — ×1,Kui (India) [kxu],8d300ac5-bfc9-4354-a1e2-256a576e5ac8,kuii1252,—,,keep,target is a Glottolog language,
75222757-36e9-4aad-b3e7-bbb8c431afdd,Test Upload,true,false,4,Northern Khmer [kxm],—,Atayal [tay] ×3; Asho Chin [csh] ×1,Northern Khmer [kxm],a2a8567f-be4d-45e0-8910-fb28abde34b4,nort2684,—,,keep,target is a Glottolog language,
c6247aea-7d1c-4477-b918-f4b7b8b6510d,,true,true,4,Annobonese [fab],—,Annobonese [fab] ×3,Annobonese [fab],277a2394-1b24-4bca-8a59-fb207b97cfc4,fada1250,—,,keep,target is a Glottolog language,
76ffd670-c1c6-4326-aba1-2d9a52c516bf,,true,true,3,Fuyu Kirghiz,—,Fuyu Kirghiz ×2; — ×1,Fuyu Kirghiz,39e873a2-3a41-42e5-af11-6b11398f9841,fuyu1243,—,,keep,target is a Glottolog language,
0169fab2-9c7e-4d36-ad35-8330bfd104d5,,true,true,2,Acatepec Me'phaa [tpx],English [eng],Acatepec Me'phaa [tpx] ×2,Acatepec Me'phaa [tpx],ce39a8d6-2305-41c1-8395-7993a55b6514,acat1239,English [eng],fd3b1f58-0d2e-4798-b593-a51f7a37a2c1,keep,target is a Glottolog language,
2c284b21-542d-478b-9a1e-4946944a0e26,Angolar - Histórias,true,false,2,Angolar [aoa],—,Angolar [aoa] ×3,Angolar [aoa],5adf1b3d-2880-47c5-b23f-36de3e8a12cd,ango1258,—,,keep,target is a Glottolog language,
57d82ffe-3639-4b1d-a54e-6c4dfc7ca64e,,true,true,2,Kamayurá [kay],—,Kamayurá [kay] ×2,Kamayurá [kay],f1b03fc4-6cd9-4c74-ba80-bce3bbd36e2d,kama1373,—,,keep,target is a Glottolog language,
90865f56-9e81-4146-b3db-aa034a229fa4,,true,true,2,St. Matthias,English [eng],St. Matthias ×2,St. Matthias,c2884c0c-4ef8-45ee-955b-f3715e550940,stma1240,English [eng],fd3b1f58-0d2e-4798-b593-a51f7a37a2c1,keep,target is a Glottolog language,
c7bd08ac-c69f-4a36-b765-c306b3724a60,YWAM Brazil Test Project,true,false,2,Brazilian Portuguese,—,Brazilian Portuguese ×2,Brazilian Portuguese,98422281-257a-4e16-b908-477e9e56b076,braz1246,—,,keep,target is a Glottolog language,
efb5ce0d-a322-4d1c-9f7a-b7a3830fbed0,,true,true,2,Kabwa [cwa],—,Kabwa [cwa] ×1; — ×1,Kabwa [cwa],1d4924f0-4e96-44e6-9c7d-a679bdb00a32,kabw1241,—,,keep,target is a Glottolog language,
01eee382-4af5-4c71-9c72-bb8794a35ebd,,true,true,1,Chhattisgarhi [hne],—,Chhattisgarhi [hne] ×1,Chhattisgarhi [hne],2d0cd7de-313c-4996-a5aa-d841ed5437e0,chha1249,—,,keep,target is a Glottolog language,
081faca9-ab04-4c78-abf2-00e43b073b66,test project,true,false,1,Bena,—,— ×1,Bena,a7d54ae7-ccd2-466b-a90e-feeba2026a0a,bena1259,—,,keep,target is a Glottolog language,
0bc6c4e2-cdf3-4736-822f-dedb17b69464,,true,true,1,Eastern Central English,—,Eastern Central English ×1,Eastern Central English,9b80cfae-d088-4235-b6cb-de257318b2f7,east2825,—,,keep,target is a Glottolog language,
0bfdffa1-db26-4d76-9972-057f8d403d51,,true,true,1,Hindi [hin],—,Hindi [hin] ×1,Hindi [hin],3502e2a1-3cfd-45f7-8167-a9a67d42c76a,hind1269,—,,keep,target is a Glottolog language,
0d135cb3-b82c-4e71-b6e8-6170e8890716,,true,true,1,Abun [kgr],—,Abun [kgr] ×1,Abun [kgr],cccc1e3f-6f5f-48ca-80ce-1c88787b9e38,abun1252,—,,keep,target is a Glottolog language,
129f1af4-553c-4cb8-b08b-b9d70b172853,,true,true,1,Pwo Eastern Karen [kjp],—,Burmese [mya] ×1,Pwo Eastern Karen [kjp],13f214b2-6e20-4a35-b168-19fd1a2a6319,pwoe1235,—,,keep,target is a Glottolog language,
209eefc3-e07f-40b8-9004-0ca3fbfe5c0d,,true,true,1,Amdo Tibetan [adx],—,English (legacy) ×1,Amdo Tibetan [adx],e3fed477-d03f-4321-92b1-23018d155b4f,amdo1237,—,,keep,target is a Glottolog language,
2c6199a1-5e20-4d84-8d90-0a250f822bb7,Nyaw-มาระโก,true,false,1,Nyaw [nyw],—,Nyaw [nyw] ×1,Nyaw [nyw],6b8ad098-d9fb-4641-9386-887d3ca76c18,nyaw1245,—,,keep,target is a Glottolog language,
3e025b84-bef9-44d7-a7d0-cff5e3d2edcb,,true,true,1,Mandarin [cmn],—,,Mandarin [cmn],0d75d06f-2692-4127-b810-67dd64fa6eee,mand1415,—,,keep,target is a Glottolog language,
5058773e-51d0-46a1-a3ed-6dde60a1ff3a,Songs from the Nations,false,false,1,Spanish [spa],—,Spanish [spa] ×1,Spanish [spa],b032faf4-aebf-4848-984d-053eccc54f1f,stan1288,—,,keep,target is a Glottolog language,
58223cd8-5d84-4e07-97b4-9dfa562b8e87,OMT Nepal Test,true,false,1,Standard Indonesian [ind],—,English [eng] ×1,Standard Indonesian [ind],57f410a6-a182-4126-b7ce-45e1280d0cfc,indo1316,—,,keep,target is a Glottolog language,
5a2e0808-5866-40ea-96c2-5230bafee863,,true,true,1,Kosraean,—,— ×1,Kosraean,3356fc26-94b7-4737-a6e3-49e0fb9e8548,kosr1238,—,,keep,target is a Glottolog language,
64f912d1-7e66-4edd-a02e-def8ae15b5dc,Kui,true,false,1,Kui (India) [kxu],—,,Kui (India) [kxu],8d300ac5-bfc9-4354-a1e2-256a576e5ac8,kuii1252,—,,keep,target is a Glottolog language,
66fb97c1-a797-4d86-a6dd-a2b79ebe0e4f,KUI,true,false,1,Kui,—,,Kui,24c84a2e-b08f-44ea-83d5-8d6887f2e1a8,kuii1254,—,,keep,target is a Glottolog language,
723d57c5-164d-4791-baa9-119b3ee8d819,,true,true,1,Northern Kurdish [kmr],—,,Northern Kurdish [kmr],2b52f5a9-b2c8-40a0-b2ff-746181682617,nort2641,—,,keep,target is a Glottolog language,
91cb328c-059d-45b5-9f1f-7fc560459a41,,true,true,1,Ede Nago [nqg],French [fra],Ede Nago [nqg] ×1,Ede Nago [nqg],b03ae9e5-f9d2-4a5f-9627-7c11d904df10,eden1244,French [fra],155f40c3-cb64-4fdd-aaf7-a55acb42c755,keep,target is a Glottolog language,
9543555e-8504-4a9a-b58a-8121abd82f78,,true,true,1,Eastern Newari,—,Kathmandu Valley Newari ×1,Eastern Newari,cbe30414-91b8-4c03-a5f9-8cee03c937c9,east2773,—,,keep,target is a Glottolog language,
958dea11-78aa-430a-8e52-b398e8ff878b,Test project Kellogg,true,false,1,Appalachian English,English [eng],Appalachian English ×1,Appalachian English,24b40445-5ce8-4c02-a0fc-e767df6585ba,appa1236,English [eng],fd3b1f58-0d2e-4798-b593-a51f7a37a2c1,keep,target is a Glottolog language,
beaf0748-ade3-477c-bbf8-5501ba415d7c,,true,true,1,Florida English,English [eng],— ×1,Florida English,480b2650-2e54-4048-82bd-b3b80f75f25a,flor1243,English [eng],fd3b1f58-0d2e-4798-b593-a51f7a37a2c1,keep,target is a Glottolog language,
c0a26309-6ab2-440f-a9e2-6f33abcc0087,,true,true,1,French [fra],—,French [fra] ×1,French [fra],155f40c3-cb64-4fdd-aaf7-a55acb42c755,stan1290,—,,keep,target is a Glottolog language,
c5fa9287-4550-47a5-a885-02a19032c969,,true,true,1,Tetum [tet],—,Tetum [tet] ×1,Tetum [tet],8348712c-c3ba-451e-b6d1-c2d6a1d91900,tetu1245,—,,keep,target is a Glottolog language,
f2d517a3-b362-4829-926f-dd09b11d04fb,,true,true,1,French [fra],French [fra],French [fra] ×1,French [fra],155f40c3-cb64-4fdd-aaf7-a55acb42c755,stan1290,French [fra],155f40c3-cb64-4fdd-aaf7-a55acb42c755,keep,target is a Glottolog language,
fcc76de7-e075-46d3-9c74-92da6d333c43,JDP test 1,true,false,1,Brazilian Portuguese,—,English [eng] ×1,Brazilian Portuguese,98422281-257a-4e16-b908-477e9e56b076,braz1246,—,,keep,target is a Glottolog language,
0476c852-7502-470f-b128-b81b7634c97b,,true,true,0,Western Fijian,—,,Western Fijian,7add1943-0dc6-4f45-ae3b-669b057ca923,west2518,—,,keep,target is a Glottolog language,
07750ada-e97c-4eb1-8d00-dbde0cecda02,FIA training,true,false,0,Brazilian Portuguese,—,,Brazilian Portuguese,98422281-257a-4e16-b908-477e9e56b076,braz1246,—,,keep,target is a Glottolog language,
0d8001db-c139-4875-a798-4c6e8a94906e,,true,true,0,Brazilian Portuguese,—,,Brazilian Portuguese,98422281-257a-4e16-b908-477e9e56b076,braz1246,—,,keep,target is a Glottolog language,
0ed5486f-360b-4e53-8b1d-502b95b76de0,,true,true,0,Nyanja [nya],—,,Nyanja [nya],5870452d-7878-4328-916d-f4fecc0b79f2,nyan1308,—,,keep,target is a Glottolog language,
0f6ffce1-49ab-4e9f-921d-c665a5bc0dae,,true,true,0,Manipuri [mni],—,,Manipuri [mni],fe5f19e8-325a-448e-97a2-01e206cc537f,mani1292,—,,keep,target is a Glottolog language,
11ed061d-ce7b-49c3-a653-3453fabf43d3,,true,true,0,Mon [mnw],—,,Mon [mnw],3ca97c87-c890-4a93-b6b6-f86125c36cdf,monn1252,—,,keep,target is a Glottolog language,
1248f9b3-dc4f-45a7-af32-a7772b075df7,,true,true,0,Naga Pidgin [nag],—,,Naga Pidgin [nag],481068b7-30da-4d81-b2e5-6bbf27e20008,naga1394,—,,keep,target is a Glottolog language,
147cec9b-acf8-44ad-8b58-c8b07e434e24,,true,true,0,French [fra],—,,French [fra],155f40c3-cb64-4fdd-aaf7-a55acb42c755,stan1290,—,,keep,target is a Glottolog language,
14e75f72-7801-4e0b-bdea-f6c6783fb55b,,true,true,0,French [fra],—,,French [fra],155f40c3-cb64-4fdd-aaf7-a55acb42c755,stan1290,—,,keep,target is a Glottolog language,
19f213ba-7a60-4386-a75c-4d98bf304664,Saek [SAI],true,false,0,Western Saek,—,,Western Saek,e78f5958-cb70-409d-9e1c-11c5ae58d474,west3013,—,,keep,target is a Glottolog language,
1b5b2516-614d-4e30-8aa8-3075056e9cc0,,true,true,0,Ede Nago [nqg],French [fra],,Ede Nago [nqg],b03ae9e5-f9d2-4a5f-9627-7c11d904df10,eden1244,French [fra],155f40c3-cb64-4fdd-aaf7-a55acb42c755,keep,target is a Glottolog language,
1b7bd76c-3556-4bb4-b305-a1fb884d3d7a,,true,true,0,Papiamento,—,,Papiamento,73fc3d34-1369-432f-892c-2b2853ba0fcd,papi1253,—,,keep,target is a Glottolog language,
1ef7f118-9bf4-45ff-8453-785bd41dca5d,,true,true,0,Burmese [mya],—,,Burmese [mya],fa8369a5-03a6-4d1e-ba44-152409a2f97c,nucl1310,—,,keep,target is a Glottolog language,
1fe54312-d23c-4bba-8aef-2d70cf5897c4,,true,true,0,French [fra],French [fra],,French [fra],155f40c3-cb64-4fdd-aaf7-a55acb42c755,stan1290,French [fra],155f40c3-cb64-4fdd-aaf7-a55acb42c755,keep,target is a Glottolog language,
212cce40-93e5-4219-8a36-4d6df98df359,,true,true,0,Burmese [mya],—,,Burmese [mya],fa8369a5-03a6-4d1e-ba44-152409a2f97c,nucl1310,—,,keep,target is a Glottolog language,
23546ce5-6608-4382-a84d-c3efe974b725,,true,true,0,Lamba [lam],French [fra],,Lamba [lam],3df86742-ca78-40ab-8ef4-f3b42aca17f5,lamb1271,French [fra],155f40c3-cb64-4fdd-aaf7-a55acb42c755,keep,target is a Glottolog language,
277cc68c-d7a0-417c-8ce3-3b36b1313ccb,,true,true,0,Halbi,—,,Halbi,25b55243-3956-4cf8-822a-110828390a1c,halb1244,—,,keep,target is a Glottolog language,
2ac2de7f-6b0c-452d-bf11-be03bd858cca,Forro - São Tomé e Príncipe,true,false,0,Sãotomense [cri],—,,Sãotomense [cri],5faeab8a-7d4f-499f-adfc-04cda75b25f1,saot1239,—,,keep,target is a Glottolog language,
2af8ebe3-0c9e-440b-adf0-375423c61d35,,true,true,0,Biali [beh],—,,Biali [beh],3d6272f5-944a-48cd-9e4e-bfc377bbe03a,bial1238,—,,keep,target is a Glottolog language,
2de0b524-889c-4177-aea7-ac87d08f48f7,,true,true,0,Jakun [jak],Standard Indonesian [ind],,Jakun [jak],1a3ba256-2318-4329-89ea-ecf3a612d512,jaku1244,Standard Indonesian [ind],57f410a6-a182-4126-b7ce-45e1280d0cfc,keep,target is a Glottolog language,
37cb9de8-034a-460b-a40f-de84f423bb7d,Terena - Sentenças,true,false,0,Terena-Kinikinao-Chane [ter],—,,Terena-Kinikinao-Chane [ter],750e931d-02f7-41d1-a9b9-0a2898c4b1d0,tere1279,—,,keep,target is a Glottolog language,
38333910-aed9-47ee-a974-3367d7b0fe96,Test Dawan,false,false,0,Uab Meto [aoz],—,,Uab Meto [aoz],bc9cd3b6-e95b-48c5-8679-3612ae35e5f6,uabm1237,—,,keep,target is a Glottolog language,
3e3f6d4c-c09b-47f7-94f8-32120f0f19f4,,true,true,0,Buriat [bua],—,,Buriat [bua],bcb3d819-1cfe-413d-a590-a496fa999588,buri1258,—,,keep,target is a Glottolog language,
4078981d-1ffe-4d94-84e7-b1af7c6999d5,,true,true,0,Dzongkha [dzo],—,,Dzongkha [dzo],5983df49-e9c4-4941-ab30-d84268a77e0d,dzon1239,—,,keep,target is a Glottolog language,
42e4dec0-51c5-4ef5-a6b7-d0ab73075092,,true,true,0,Naga Pidgin [nag],—,,Naga Pidgin [nag],481068b7-30da-4d81-b2e5-6bbf27e20008,naga1394,—,,keep,target is a Glottolog language,
451c4db3-a6df-4a78-b9c1-7b6b3e23ddc6,,true,true,0,Meno-Mene,—,,Meno-Mene,43f8fd70-3e04-4a14-947d-a586df39aa27,meno1251,—,,keep,target is a Glottolog language,
472c75ee-c3f9-4bee-a97e-69c9f459b036,,true,true,0,Appalachian English,French [fra],,Appalachian English,24b40445-5ce8-4c02-a0fc-e767df6585ba,appa1236,French [fra],155f40c3-cb64-4fdd-aaf7-a55acb42c755,keep,target is a Glottolog language,
4ad28b16-0263-4b68-9490-98a8a90a3380,,true,true,0,Swahili [swh],—,,Swahili [swh],db0ae9dd-35f5-4f04-8f2e-e014c7fb0110,swah1253,—,,keep,target is a Glottolog language,
4e7aa73c-a85d-497b-b609-d2cc348a033a,,true,true,0,Appalachian English,English [eng],,Appalachian English,24b40445-5ce8-4c02-a0fc-e767df6585ba,appa1236,English [eng],fd3b1f58-0d2e-4798-b593-a51f7a37a2c1,keep,target is a Glottolog language,
4eba2f4f-a787-47d0-a6b4-9ee71c699b8d,,false,true,0,Ede Nago [nqg],French [fra],,Ede Nago [nqg],b03ae9e5-f9d2-4a5f-9627-7c11d904df10,eden1244,French [fra],155f40c3-cb64-4fdd-aaf7-a55acb42c755,keep,target is a Glottolog language,
549ad4e3-f0e6-49f7-b018-e2402ed886a8,,true,true,0,French [fra],—,,French [fra],155f40c3-cb64-4fdd-aaf7-a55acb42c755,stan1290,—,,keep,target is a Glottolog language,
57cfdf32-5147-477c-9314-8b0af608fdee,,true,true,0,French [fra],—,,French [fra],155f40c3-cb64-4fdd-aaf7-a55acb42c755,stan1290,—,,keep,target is a Glottolog language,
58d3627c-61df-4284-9bcc-d1f3d4dc5eb2,,true,true,0,French [fra],French [fra],,French [fra],155f40c3-cb64-4fdd-aaf7-a55acb42c755,stan1290,French [fra],155f40c3-cb64-4fdd-aaf7-a55acb42c755,keep,target is a Glottolog language,
5f036a90-42c5-445e-86d1-84cdca43e6c4,,true,true,0,Assamese [asm],—,,Assamese [asm],3b5efbc2-c533-45aa-bae6-6d2ead1aab70,assa1263,—,,keep,target is a Glottolog language,
6027f626-9d52-47d8-be4d-11ebcc0763e9,Kui,true,false,0,Kui (India) [kxu],—,,Kui (India) [kxu],8d300ac5-bfc9-4354-a1e2-256a576e5ac8,kuii1252,—,,keep,target is a Glottolog language,
6214cd1d-712d-4721-8c1d-0560a8b95837,,true,true,0,Kamayurá [kay],—,,Kamayurá [kay],f1b03fc4-6cd9-4c74-ba80-bce3bbd36e2d,kama1373,—,,keep,target is a Glottolog language,
6254a065-497d-4c6e-8c82-7fba54b485bb,,true,true,0,Dzalakha [dzl],—,,Dzalakha [dzl],b6215cf4-8876-4c0a-ae8b-ab4e850d1227,dzal1238,—,,keep,target is a Glottolog language,
62b40088-01c7-4284-afb1-df972391cfa4,,true,true,0,Burji [bji],—,,Burji [bji],c77086c1-e04a-4f1a-b32e-374df9b984da,burj1242,—,,keep,target is a Glottolog language,
6b2f4829-d255-477a-927b-7dacef009f8f,Test2,false,false,0,Hawu [hvn],—,,Hawu [hvn],a9ef853d-29ec-4d68-ba09-6aaf35da16eb,sabu1255,—,,keep,target is a Glottolog language,
6b4f3434-ec13-4d1d-b12b-f7619431a9b7,,true,true,0,Appalachian English,English [eng],,Appalachian English,24b40445-5ce8-4c02-a0fc-e767df6585ba,appa1236,English [eng],fd3b1f58-0d2e-4798-b593-a51f7a37a2c1,keep,target is a Glottolog language,
6b535627-635c-4a01-a99f-603edd111749,Project to Clone,true,false,0,Adamawa Fulfulde [fub],—,,Adamawa Fulfulde [fub],97d611d6-8094-4b1f-8bb2-3a182b9ab462,adam1253,—,,keep,target is a Glottolog language,
6b711112-f69c-4624-8e2d-d7f2b334f248,,false,true,0,Appalachian English,—,,Appalachian English,24b40445-5ce8-4c02-a0fc-e767df6585ba,appa1236,—,,keep,target is a Glottolog language,
6dd7e693-5f1e-4ed3-a9d1-20879f52781a,,true,true,0,Russian [rus],—,,Russian [rus],2e229bf3-06b7-40ce-b735-1499257c7fef,russ1263,—,,keep,target is a Glottolog language,
722de9f2-02b7-4db2-840a-e25716b2f1de,,true,true,0,Burji [bji],—,,Burji [bji],c77086c1-e04a-4f1a-b32e-374df9b984da,burj1242,—,,keep,target is a Glottolog language,
7469f151-0def-4a08-910d-77e1a29f644a,,true,true,0,Ondo,—,,Ondo,50011ee4-e6ee-422f-9665-b10131d410f0,ondo1239,—,,keep,target is a Glottolog language,
74d1fc21-504e-4b6c-9422-3eb52f3c1ead,,true,true,0,Mandarin [cmn],—,,Mandarin [cmn],0d75d06f-2692-4127-b810-67dd64fa6eee,mand1415,—,,keep,target is a Glottolog language,
75dd1007-6b89-478a-9379-8abe581e5c15,,true,true,0,Ede Nago [nqg],French [fra],,Ede Nago [nqg],b03ae9e5-f9d2-4a5f-9627-7c11d904df10,eden1244,French [fra],155f40c3-cb64-4fdd-aaf7-a55acb42c755,keep,target is a Glottolog language,
772a5d3b-d03c-4890-855c-6d4cede30196,,true,true,0,Twents [twd],—,,Twents [twd],8a3aedc0-1a68-40ab-8c5f-42d83a81c06c,twen1241,—,,keep,target is a Glottolog language,
77370039-01a9-4d13-8859-8c1726fdea13,,true,true,0,Uab Meto [aoz],—,,Uab Meto [aoz],bc9cd3b6-e95b-48c5-8679-3612ae35e5f6,uabm1237,—,,keep,target is a Glottolog language,
78c6b75d-3b61-4b48-acf0-decbe5ccbcc5,,true,true,0,Burmese [mya],—,,Burmese [mya],fa8369a5-03a6-4d1e-ba44-152409a2f97c,nucl1310,—,,keep,target is a Glottolog language,
7a74584b-dad7-4d02-a5e2-7570fd2d82e8,Benin test,true,false,0,French [fra],—,,French [fra],155f40c3-cb64-4fdd-aaf7-a55acb42c755,stan1290,—,,keep,target is a Glottolog language,
8150e649-a1a4-4ee9-8fb4-23ac6104058b,TRANSLATION,true,false,0,Bena (Tanzania) [bez],—,,Bena (Tanzania) [bez],52e78a06-88b7-4ed4-a70b-9402e86b862b,bena1262,—,,keep,target is a Glottolog language,
868c3316-f834-4116-9f76-b4eeb5fce082,,true,true,0,Rasuwa,—,,Rasuwa,17999d9a-0bdc-4ba2-81be-df115726cc39,rasu1238,—,,keep,target is a Glottolog language,
895a0485-a187-4847-a926-b30df590774a,,true,true,0,Fipa [fip],French [fra],,Fipa [fip],0688d4ea-552a-4306-a654-50ed6939003d,fipa1238,French [fra],155f40c3-cb64-4fdd-aaf7-a55acb42c755,keep,target is a Glottolog language,
8bbc3b32-b958-4e85-8e6d-fd3bc662b0cb,Burmese,true,false,0,Burmese [mya],—,,Burmese [mya],fa8369a5-03a6-4d1e-ba44-152409a2f97c,nucl1310,—,,keep,target is a Glottolog language,
8bdcb313-6e07-45f4-84ff-f68f71bc490c,Orlando FIA Training,true,false,0,Appalachian English,English [eng],,Appalachian English,24b40445-5ce8-4c02-a0fc-e767df6585ba,appa1236,English [eng],fd3b1f58-0d2e-4798-b593-a51f7a37a2c1,keep,target is a Glottolog language,
8d2b9ca8-15d1-4908-aeaf-3122b1a80474,,true,true,0,Assamese [asm],—,,Assamese [asm],3b5efbc2-c533-45aa-bae6-6d2ead1aab70,assa1263,—,,keep,target is a Glottolog language,
8efb3f89-362a-455b-93b7-a3391316b0de,,true,true,0,French [fra],—,,French [fra],155f40c3-cb64-4fdd-aaf7-a55acb42c755,stan1290,—,,keep,target is a Glottolog language,
92280acb-c081-4a84-9b19-86a6ab06f101,,true,true,0,French [fra],—,,French [fra],155f40c3-cb64-4fdd-aaf7-a55acb42c755,stan1290,—,,keep,target is a Glottolog language,
94cdbb1d-8525-4f8f-b149-3f0394250ed4,Bomboli,true,false,0,Bomboli-Bozaba [bml],—,,Bomboli-Bozaba [bml],30289dd9-a90c-41f9-9b3f-ae2fea6ace02,bomb1261,—,,keep,target is a Glottolog language,
9781992f-4f25-4bd0-9e90-6b107a40b18d,,true,true,0,Naga Pidgin [nag],—,,Naga Pidgin [nag],481068b7-30da-4d81-b2e5-6bbf27e20008,naga1394,—,,keep,target is a Glottolog language,
98e43714-700f-4b22-a6b6-27cd8b943421,,true,true,0,Bujhyal [byh],—,,Bujhyal [byh],ba608d7a-ea88-4299-8b48-05501417584c,bujh1238,—,,keep,target is a Glottolog language,
9eceba84-ece5-4d74-8f8a-26c370ba58f5,ကယားစကားဘာသာပြန်အသင်း,true,false,0,Burmese [mya],—,,Burmese [mya],fa8369a5-03a6-4d1e-ba44-152409a2f97c,nucl1310,—,,keep,target is a Glottolog language,
a2b43a2c-2b4b-454d-b924-6d9506522cf6,,false,true,0,Waama,French [fra],,Waama,73aceac8-07c6-44b5-94c1-7d16dd4f846e,waam1244,French [fra],155f40c3-cb64-4fdd-aaf7-a55acb42c755,keep,target is a Glottolog language,
a31fba94-4f7e-4f9d-9afa-1216a5f23bd7,,true,true,0,French [fra],—,,French [fra],155f40c3-cb64-4fdd-aaf7-a55acb42c755,stan1290,—,,keep,target is a Glottolog language,
a8166ec8-7f6b-4c63-bcf1-5d7ac2062970,Chinese 3,true,false,0,Mandarin [cmn],—,,Mandarin [cmn],0d75d06f-2692-4127-b810-67dd64fa6eee,mand1415,—,,keep,target is a Glottolog language,
a8fd9fe6-5670-4c55-8446-6d9bfca1fa9a,,true,true,0,French [fra],French [fra],,French [fra],155f40c3-cb64-4fdd-aaf7-a55acb42c755,stan1290,French [fra],155f40c3-cb64-4fdd-aaf7-a55acb42c755,keep,target is a Glottolog language,
a9213706-a496-4d37-92c6-3077a827fbc5,,true,true,0,Naga Pidgin [nag],—,,Naga Pidgin [nag],481068b7-30da-4d81-b2e5-6bbf27e20008,naga1394,—,,keep,target is a Glottolog language,
ab275561-5acd-46cd-a8b1-a21d217e46ce,,true,true,0,Burmese [mya],—,,Burmese [mya],fa8369a5-03a6-4d1e-ba44-152409a2f97c,nucl1310,—,,keep,target is a Glottolog language,
adc6a39d-3515-477e-8eba-7ab9d91f8e18,,true,true,0,Kok Borok [trp],—,,Kok Borok [trp],5c85b283-03f2-4219-be77-b2b68ae1472d,kokb1239,—,,keep,target is a Glottolog language,
aec1515e-3fcc-4744-a42a-f00e2df5f637,,true,true,0,Burmese [mya],—,,Burmese [mya],fa8369a5-03a6-4d1e-ba44-152409a2f97c,nucl1310,—,,keep,target is a Glottolog language,
affab2b2-7b92-4a0a-9a5f-89576964957c,Peace,true,false,0,Burmese [mya],—,,Burmese [mya],fa8369a5-03a6-4d1e-ba44-152409a2f97c,nucl1310,—,,keep,target is a Glottolog language,
b057931b-f77e-4815-a3a4-c7f04e37c0df,,true,true,0,Uab Meto [aoz],—,,Uab Meto [aoz],bc9cd3b6-e95b-48c5-8679-3612ae35e5f6,uabm1237,—,,keep,target is a Glottolog language,
b33e1f61-7068-40ad-b54f-d2907b31692d,,true,true,0,Katanga Swahili,—,,Katanga Swahili,2a39355c-e0ae-46ba-89c1-40ab9344be55,kata1266,—,,keep,target is a Glottolog language,
bb643787-a89d-4dd8-96e7-aa8d3f60dda6,,true,true,0,Cusco Quechua [quz],Spanish [spa],,Cusco Quechua [quz],c3476701-f375-4ced-8988-376958aa2236,cusc1236,Spanish [spa],b032faf4-aebf-4848-984d-053eccc54f1f,keep,target is a Glottolog language,
bcb9ab52-c1f6-4847-a333-abcb27400df3,JAVANESE,false,false,0,Central Javanese,—,,Central Javanese,7beef892-0f14-4056-8af9-bfc586096420,cent2331,—,,keep,target is a Glottolog language,
bd5b97b3-66b9-428c-a3ae-d63507c49c66,,true,true,0,Dzongkha [dzo],—,,Dzongkha [dzo],5983df49-e9c4-4941-ab30-d84268a77e0d,dzon1239,—,,keep,target is a Glottolog language,
bedc9299-34a7-4170-b1c3-66707d3bd585,,true,true,0,Jejueo [jje],—,,Jejueo [jje],2fbd992e-7e1f-4dd7-97d0-668bd30edb4d,jeju1234,—,,keep,target is a Glottolog language,
c265e23c-a2e3-4ade-b170-4f94fcb16ae7,,true,true,0,Logol [lof],—,,Logol [lof],91f7f67d-b13f-4f65-8d7e-44688ece1a51,logo1262,—,,keep,target is a Glottolog language,
c2dfaa8f-7863-47e8-a86d-0e41e5224e31,,true,true,0,Brazilian Portuguese,English [eng],,Brazilian Portuguese,98422281-257a-4e16-b908-477e9e56b076,braz1246,English [eng],fd3b1f58-0d2e-4798-b593-a51f7a37a2c1,keep,target is a Glottolog language,
c4af2ecc-0cf3-423c-a0c6-ef90c6931f4d,,true,true,0,Northwestern Lingala,—,,Northwestern Lingala,c3461328-bc0f-4f49-9d5d-94a7635875ee,nort3345,—,,keep,target is a Glottolog language,
c6297b33-9e8e-4b6f-b652-1b842c6e725f,Thai,true,false,0,Thai,—,,Thai,fe361436-f7ff-4955-a442-59b76623b3c9,thai1261,—,,keep,target is a Glottolog language,
c806a0df-667c-41a7-af4f-adeee3f2c53d,,true,true,0,Dangaura Tharu [thl],—,,Dangaura Tharu [thl],7d64bfb0-334b-4e06-bff0-fd902d3bc22d,dang1260,—,,keep,target is a Glottolog language,
c9b53c60-6911-401a-86cb-c7eeed9d6d41,,true,true,0,Gaam [tbi],—,,Gaam [tbi],61f7f98f-9191-4b17-b607-ee67cdf9a7a3,gaam1241,—,,keep,target is a Glottolog language,
cea40d52-9f3a-4971-ba62-441c222f3f3f,,true,true,0,French [fra],French [fra],,French [fra],155f40c3-cb64-4fdd-aaf7-a55acb42c755,stan1290,French [fra],155f40c3-cb64-4fdd-aaf7-a55acb42c755,keep,target is a Glottolog language,
d0d830ab-f48d-414d-86f9-ec61ef3abae0,,true,true,0,Karamojong [kdj],—,,Karamojong [kdj],ea204701-f3cf-4a8d-aac7-653d1e9797c3,kara1483,—,,keep,target is a Glottolog language,
d2af39af-deb7-4492-b2a9-4db43722577d,Kyah,true,false,0,Burmese [mya],—,,Burmese [mya],fa8369a5-03a6-4d1e-ba44-152409a2f97c,nucl1310,—,,keep,target is a Glottolog language,
d581eac6-0aeb-48f3-8ca6-12f81bd6354e,,true,true,0,Thai,—,,Thai,fe361436-f7ff-4955-a442-59b76623b3c9,thai1261,—,,keep,target is a Glottolog language,
d89d1f94-97bd-4a22-90d1-360ce7e26ee1,,true,true,0,Portuguese [por],—,,Portuguese [por],a1cb9ca9-8f6d-400b-a071-544a32ea1d82,port1283,—,,keep,target is a Glottolog language,
d9a6b764-ed17-4805-8fd7-390ccb253f1c,Bahasa Amanuban,false,false,0,Uab Meto [aoz],—,,Uab Meto [aoz],bc9cd3b6-e95b-48c5-8679-3612ae35e5f6,uabm1237,—,,keep,target is a Glottolog language,
d9e6767f-b146-4f8d-b7c3-f461a2f2ecb8,,true,true,0,Northwestern Lingala,French [fra],,Northwestern Lingala,c3461328-bc0f-4f49-9d5d-94a7635875ee,nort3345,French [fra],155f40c3-cb64-4fdd-aaf7-a55acb42c755,keep,target is a Glottolog language,
db769bee-8460-4f2c-a2df-4ae3e747cdf2,,true,true,0,Mexican Spanish,Swahili [swh],,Mexican Spanish,e82b0df6-a864-4da6-b5ac-1641e06c7388,mexi1248,Swahili [swh],db0ae9dd-35f5-4f04-8f2e-e014c7fb0110,keep,target is a Glottolog language,
dd2ea972-11a8-4744-8c32-4861face9fc5,,true,true,0,Mandarin [cmn],—,,Mandarin [cmn],0d75d06f-2692-4127-b810-67dd64fa6eee,mand1415,—,,keep,target is a Glottolog language,
e060ad88-ff0f-41a6-a06d-9bb2d734f0e5,,true,true,0,French [fra],—,,French [fra],155f40c3-cb64-4fdd-aaf7-a55acb42c755,stan1290,—,,keep,target is a Glottolog language,
e2f2f739-d168-491d-a2a2-1c249be2504f,,true,true,0,Swahili [swh],—,,Swahili [swh],db0ae9dd-35f5-4f04-8f2e-e014c7fb0110,swah1253,—,,keep,target is a Glottolog language,
e3a6ed4c-fa85-4450-8ab7-5b68ad083a64,East Nusa Tenggara,false,false,0,Hawu [hvn],—,,Hawu [hvn],a9ef853d-29ec-4d68-ba09-6aaf35da16eb,sabu1255,—,,keep,target is a Glottolog language,
e3f7a2dd-bf0a-459e-983e-d4f522f61504,,true,true,0,Bujhyal [byh],—,,Bujhyal [byh],ba608d7a-ea88-4299-8b48-05501417584c,bujh1238,—,,keep,target is a Glottolog language,
e453505d-328d-4d6a-adfe-d5aa81304efe,,true,true,0,Ede Idaca [idd],French [fra],,Ede Idaca [idd],df4a99a3-348d-44c1-80e6-d51ebfed93bf,edei1244,French [fra],155f40c3-cb64-4fdd-aaf7-a55acb42c755,keep,target is a Glottolog language,
e536a7f1-18bd-4de3-a203-9e300a60d2ed,Ukwuani Language Development Project,true,false,0,Ukwuani-Aboh-Ndoni [ukw],—,,Ukwuani-Aboh-Ndoni [ukw],9a133612-741f-4634-8edb-6d8d164a4512,ukwu1241,—,,keep,target is a Glottolog language,
e840b621-f9d9-47a4-829b-4ce6c9e6d9c6,JAVANESE,false,false,0,Central Javanese,—,,Central Javanese,7beef892-0f14-4056-8af9-bfc586096420,cent2331,—,,keep,target is a Glottolog language,
e91e4c82-acd0-4198-b8ea-6a433393deba,,true,true,0,Dzongkha [dzo],—,,Dzongkha [dzo],5983df49-e9c4-4941-ab30-d84268a77e0d,dzon1239,—,,keep,target is a Glottolog language,
ef0be923-212c-4dc8-9aaa-52d3e84f293c,,true,true,0,Fayu [fau],Standard Indonesian [ind],,Fayu [fau],c0ee545d-bc0b-4290-918b-3ccb5fe34f9a,fayu1238,Standard Indonesian [ind],57f410a6-a182-4126-b7ce-45e1280d0cfc,keep,target is a Glottolog language,
ef7c2207-b950-49d4-a80e-fefc01ddefd6,,true,true,0,Kabwa [cwa],—,,Kabwa [cwa],1d4924f0-4e96-44e6-9c7d-a679bdb00a32,kabw1241,—,,keep,target is a Glottolog language,
f478eebf-eacc-42b1-9ef0-f3e7d717a1ef,,true,true,0,French [fra],—,,French [fra],155f40c3-cb64-4fdd-aaf7-a55acb42c755,stan1290,—,,keep,target is a Glottolog language,
f86eccc8-c9da-4908-9ab9-b2a93fa87039,,true,true,0,Mandarin [cmn],—,,Mandarin [cmn],0d75d06f-2692-4127-b810-67dd64fa6eee,mand1415,—,,keep,target is a Glottolog language,
fa00c263-17cf-4c41-b53c-f4643878d257,Public dev test,true,false,0,Aari [aiw],—,,Aari [aiw],c45ac218-fe71-454b-8901-f57f7263d4c2,aari1239,—,,keep,target is a Glottolog language,
facdfa79-ad0b-4825-988a-c992f56477b3,,true,true,0,Burmese [mya],—,,Burmese [mya],fa8369a5-03a6-4d1e-ba44-152409a2f97c,nucl1310,—,,keep,target is a Glottolog language,
fb8a8f26-716f-452a-967b-56597e4fe479,,false,true,0,Kui,—,,Kui,24c84a2e-b08f-44ea-83d5-8d6887f2e1a8,kuii1254,—,,keep,target is a Glottolog language,
fcefd1dc-a809-4891-9df3-c271118de19d,,true,true,0,Naga Pidgin [nag],—,,Naga Pidgin [nag],481068b7-30da-4d81-b2e5-6bbf27e20008,naga1394,—,,keep,target is a Glottolog language,
ff968de8-a408-43d7-8e18-3fb587028adc,Seak [SKI],true,false,0,Western Saek,—,,Western Saek,e78f5958-cb70-409d-9e1c-11c5ae58d474,west3013,—,,keep,target is a Glottolog language,
